channel,laser,autolevel,t_ms,tp,tp_err,tp_pd_err,pd_power_nw,pd_power_err_nw,delivered_power_nw,delivered_power_err_nw,laser_output_power_uw,laser_output_power_err_uw,pd_route_tx,laser_route_tx,atten_tx,pd_mv,pd_net_mv,pd_net_err_mv,laser_current_ma,atten_db,wavelength_nm,pd_raw,pd_ontime_s,laser_current_ontime_s,flags,step_index,step_label
yj_m,,False,1789605735131,,,,0.0,0.017103495505196586,0.0,2.719222075094158e-06,0.0,435.67499999999995,1.0,0.0024488678200343937,2.548688111110881e-09,3.25,-55.165625,318.1250163966565,0.0,85.9368330690458,1028.01,52,3,0,(),0,dark
yj_m,,False,1789605735181,,,,0.0,0.017103495505196586,0.0,2.719222075094158e-06,0.0,435.67499999999995,1.0,0.0024488678200343937,2.548688111110881e-09,3.0625,-55.353125,318.1250163966565,0.0,85.9368330690458,1028.01,49,3,0,(),0,dark
yj_m,,False,1789605735231,,,,0.0,0.017103495505196586,0.0,2.719222075094158e-06,0.0,435.67499999999995,1.0,0.0024488678200343937,2.548688111110881e-09,2.875,-55.540625,318.1250163966565,0.0,85.9368330690458,1028.01,46,3,0,(),0,dark
yj_m,,False,1789605735281,,,,0.0,0.017103495505196586,0.0,2.719222075094158e-06,0.0,435.67499999999995,1.0,0.0024488678200343937,2.548688111110881e-09,2.6875,-55.728125,318.1250163966565,0.0,85.9368330690458,1028.01,43,3,0,(),0,dark
yj_m,,False,1789605735331,,,,0.0,0.017103495505196586,0.0,2.719222075094158e-06,0.0,435.67499999999995,1.0,0.0024488678200343937,2.548688111110881e-09,3.5,-54.915625,318.1250163966565,0.0,85.9368330690458,1028.01,56,3,0,(),0,dark
yj_m,,False,1789605735381,,,,0.0,0.017103495505196586,0.0,2.719222075094158e-06,0.0,435.67499999999995,1.0,0.0024488678200343937,2.548688111110881e-09,2.875,-55.540625,318.1250163966565,0.0,85.9368330690458,1028.01,46,3,0,(),0,dark
yj_m,,False,1789605735431,,,,0.0,0.017103495505196586,0.0,2.719222075094158e-06,0.0,435.67499999999995,1.0,0.0024488678200343937,2.548688111110881e-09,2.9375,-55.478125,318.1250163966565,0.0,85.9368330690458,1028.01,47,3,0,(),0,dark
yj_m,,False,1789605735481,,,,0.0,0.017103495505196586,0.0,2.719222075094158e-06,0.0,435.67499999999995,1.0,0.0024488678200343937,2.548688111110881e-09,3.25,-55.165625,318.1250163966565,0.0,85.9368330690458,1028.01,52,3,0,(),0,dark
yj_m,,False,1789605735531,,,,0.0,0.017103495505196586,0.0,2.719222075094158e-06,0.0,435.67499999999995,1.0,0.0024488678200343937,2.548688111110881e-09,2.6875,-55.728125,318.1250163966565,0.0,85.9368330690458,1028.01,43,3,0,(),0,dark
yj_m,,False,1789605735581,,,,0.0,0.017103495505196586,0.0,2.719222075094158e-06,0.0,435.67499999999995,1.0,0.0024488678200343937,2.548688111110881e-09,3.0625,-55.353125,318.1250163966565,0.0,85.9368330690458,1028.01,49,3,0,(),0,dark
yj_m,,False,1789605735631,,,,0.0,0.017103495505196586,0.0,2.719222075094158e-06,0.0,435.67499999999995,1.0,0.0024488678200343937,2.548688111110881e-09,3.3125,-55.103125,318.1250163966565,0.0,85.9368330690458,1028.01,53,3,0,(),0,dark
yj_m,,False,1789605735681,,,,0.0,0.017103495505196586,0.0,2.719222075094158e-06,0.0,435.67499999999995,1.0,0.0024488678200343937,2.548688111110881e-09,3.0625,-55.353125,318.1250163966565,0.0,85.9368330690458,1028.01,49,3,0,(),0,dark
yj_m,,False,1789605735731,,,,0.0,0.017103495505196586,0.0,2.719222075094158e-06,0.0,435.67499999999995,1.0,0.0024488678200343937,2.548688111110881e-09,2.625,-55.790625,318.1250163966565,0.0,85.9368330690458,1028.01,42,3,0,(),0,dark
yj_m,,False,1789605735781,,,,0.0,0.017103495505196586,0.0,2.719222075094158e-06,0.0,435.67499999999995,1.0,0.0024488678200343937,2.548688111110881e-09,3.0,-55.415625,318.1250163966565,0.0,85.9368330690458,1028.01,48,3,0,(),0,dark
yj_m,,False,1789605735831,,,,0.0,0.017103495505196586,0.0,2.719222075094158e-06,0.0,435.67499999999995,1.0,0.0024488678200343937,2.548688111110881e-09,2.5625,-55.853125,318.1250163966565,0.0,85.9368330690458,1028.01,41,3,0,(),0,dark
yj_m,,False,1789605735881,,,,0.0,0.017103495505196586,0.0,2.719222075094158e-06,0.0,435.67499999999995,1.0,0.0024488678200343937,2.548688111110881e-09,2.9375,-55.478125,318.1250163966565,0.0,85.9368330690458,1028.01,47,3,0,(),0,dark
yj_m,,False,1789605735931,,,,0.0,0.017103495505196586,0.0,2.719222075094158e-06,0.0,435.67499999999995,1.0,0.0024488678200343937,2.548688111110881e-09,3.6875,-54.728125,318.1250163966565,0.0,85.9368330690458,1028.01,59,3,0,(),0,dark
yj_m,,False,1789605735981,,,,0.0,0.017103495505196586,0.0,2.719222075094158e-06,0.0,435.67499999999995,1.0,0.0024488678200343937,2.548688111110881e-09,2.5625,-55.853125,318.1250163966565,0.0,85.9368330690458,1028.01,41,3,0,(),0,dark
yj_m,,False,1789605736031,,,,0.0,0.017103495505196586,0.0,2.719222075094158e-06,0.0,435.67499999999995,1.0,0.0024488678200343937,2.548688111110881e-09,1.9375,-56.478125,318.1250163966565,0.0,85.9368330690458,1028.01,31,3,0,(),0,dark
yj_m,,False,1789605736081,,,,0.0,0.017103495505196586,0.0,2.719222075094158e-06,0.0,435.67499999999995,1.0,0.0024488678200343937,2.548688111110881e-09,2.0,-56.415625,318.1250163966565,0.0,85.9368330690458,1028.01,32,3,0,(),0,dark
yj_m,,False,1789605736131,,,,0.0,0.017103495505196586,0.0,2.719222075094158e-06,0.0,435.67499999999995,1.0,0.0024488678200343937,2.548688111110881e-09,2.125,-56.290625,318.1250163966565,0.0,85.9368330690458,1028.01,34,4,0,(),0,dark
yj_m,,False,1789605736181,,,,0.0,0.017103495505196586,0.0,2.719222075094158e-06,0.0,435.67499999999995,1.0,0.0024488678200343937,2.548688111110881e-09,3.0,-55.415625,318.1250163966565,0.0,85.9368330690458,1028.01,48,4,0,(),0,dark
yj_m,,False,1789605736231,,,,0.0,0.017103495505196586,0.0,2.719222075094158e-06,0.0,435.67499999999995,1.0,0.0024488678200343937,2.548688111110881e-09,3.1875,-55.228125,318.1250163966565,0.0,85.9368330690458,1028.01,51,4,0,(),0,dark
yj_m,,False,1789605736281,,,,0.0,0.017103495505196586,0.0,2.719222075094158e-06,0.0,435.67499999999995,1.0,0.0024488678200343937,2.548688111110881e-09,2.6875,-55.728125,318.1250163966565,0.0,85.9368330690458,1028.01,43,4,0,(),0,dark
yj_m,,False,1789605736331,,,,0.0,0.017103495505196586,0.0,2.719222075094158e-06,0.0,435.67499999999995,1.0,0.0024488678200343937,2.548688111110881e-09,2.3125,-56.103125,318.1250163966565,0.0,85.9368330690458,1028.01,37,4,0,(),0,dark
yj_m,,False,1789605736381,,,,0.0,0.017103495505196586,0.0,2.719222075094158e-06,0.0,435.67499999999995,1.0,0.0024488678200343937,2.548688111110881e-09,3.0,-55.415625,318.1250163966565,0.0,85.9368330690458,1028.01,48,4,0,(),0,dark
yj_m,,False,1789605736431,,,,0.0,0.017103495505196586,0.0,2.719222075094158e-06,0.0,435.67499999999995,1.0,0.0024488678200343937,2.548688111110881e-09,2.5,-55.915625,318.1250163966565,0.0,85.9368330690458,1028.01,40,4,0,(),0,dark
yj_m,,False,1789605736481,,,,0.0,0.017103495505196586,0.0,2.719222075094158e-06,0.0,435.67499999999995,1.0,0.0024488678200343937,2.548688111110881e-09,3.0,-55.415625,318.1250163966565,0.0,85.9368330690458,1028.01,48,4,0,(),0,dark
yj_m,,False,1789605736531,,,,0.0,0.017103495505196586,0.0,2.719222075094158e-06,0.0,435.67499999999995,1.0,0.0024488678200343937,2.548688111110881e-09,2.375,-56.040625,318.1250163966565,0.0,85.9368330690458,1028.01,38,4,0,(),0,dark
yj_m,,False,1789605736581,,,,0.0,0.017103495505196586,0.0,2.719222075094158e-06,0.0,435.67499999999995,1.0,0.0024488678200343937,2.548688111110881e-09,2.6875,-55.728125,318.1250163966565,0.0,85.9368330690458,1028.01,43,4,0,(),0,dark
yj_m,,False,1789605736631,,,,0.0,0.017103495505196586,0.0,2.719222075094158e-06,0.0,435.67499999999995,1.0,0.0024488678200343937,2.548688111110881e-09,3.3125,-55.103125,318.1250163966565,0.0,85.9368330690458,1028.01,53,4,0,(),0,dark
yj_m,,False,1789605736681,,,,0.0,0.017103495505196586,0.0,2.719222075094158e-06,0.0,435.67499999999995,1.0,0.0024488678200343937,2.548688111110881e-09,2.1875,-56.228125,318.1250163966565,0.0,85.9368330690458,1028.01,35,4,0,(),0,dark
yj_m,,False,1789605736731,,,,0.0,0.017103495505196586,0.0,2.719222075094158e-06,0.0,435.67499999999995,1.0,0.0024488678200343937,2.548688111110881e-09,3.0,-55.415625,318.1250163966565,0.0,85.9368330690458,1028.01,48,4,0,(),0,dark
yj_m,,False,1789605736781,,,,0.0,0.017103495505196586,0.0,2.719222075094158e-06,0.0,435.67499999999995,1.0,0.0024488678200343937,2.548688111110881e-09,2.5625,-55.853125,318.1250163966565,0.0,85.9368330690458,1028.01,41,4,0,(),0,dark
yj_m,,False,1789605736831,,,,0.0,0.017103495505196586,0.0,2.719222075094158e-06,0.0,435.67499999999995,1.0,0.0024488678200343937,2.548688111110881e-09,2.0625,-56.353125,318.1250163966565,0.0,85.9368330690458,1028.01,33,4,0,(),0,dark
yj_m,,False,1789605736881,,,,0.0,0.017103495505196586,0.0,2.719222075094158e-06,0.0,435.67499999999995,1.0,0.0024488678200343937,2.548688111110881e-09,2.875,-55.540625,318.1250163966565,0.0,85.9368330690458,1028.01,46,4,0,(),0,dark
yj_m,,False,1789605736931,,,,0.0,0.017103495505196586,0.0,2.719222075094158e-06,0.0,435.67499999999995,1.0,0.0024488678200343937,2.548688111110881e-09,3.0,-55.415625,318.1250163966565,0.0,85.9368330690458,1028.01,48,4,0,(),0,dark
yj_m,,False,1789605736981,,,,0.0,0.017103495505196586,0.0,2.719222075094158e-06,0.0,435.67499999999995,1.0,0.0024488678200343937,2.548688111110881e-09,2.375,-56.040625,318.1250163966565,0.0,85.9368330690458,1028.01,38,4,0,(),0,dark
yj_m,,False,1789605737031,,,,0.0,0.017103495505196586,0.0,2.719222075094158e-06,0.0,435.67499999999995,1.0,0.0024488678200343937,2.548688111110881e-09,2.6875,-55.728125,318.1250163966565,0.0,85.9368330690458,1028.01,43,4,0,(),0,dark
yj_m,,False,1789605737081,,,,0.0,0.017103495505196586,0.0,2.719222075094158e-06,0.0,435.67499999999995,1.0,0.0024488678200343937,2.548688111110881e-09,2.375,-56.040625,318.1250163966565,0.0,85.9368330690458,1028.01,38,4,0,(),0,dark
yj_m,,False,1789605737132,,,,0.0,0.017103495505196586,0.0,2.719222075094158e-06,0.0,435.67499999999995,1.0,0.0024488678200343937,2.548688111110881e-09,3.0,-55.415625,318.1250163966565,0.0,85.9368330690458,1028.01,48,5,0,(),0,dark
yj_m,,False,1789605737181,,,,0.0,0.017103495505196586,0.0,2.719222075094158e-06,0.0,435.67499999999995,1.0,0.0024488678200343937,2.548688111110881e-09,2.5,-55.915625,318.1250163966565,0.0,85.9368330690458,1028.01,40,5,0,(),0,dark
yj_m,,False,1789605737231,,,,0.0,0.017103495505196586,0.0,2.719222075094158e-06,0.0,435.67499999999995,1.0,0.0024488678200343937,2.548688111110881e-09,2.3125,-56.103125,318.1250163966565,0.0,85.9368330690458,1028.01,37,5,0,(),0,dark
yj_m,,False,1789605737281,,,,0.0,0.017103495505196586,0.0,2.719222075094158e-06,0.0,435.67499999999995,1.0,0.0024488678200343937,2.548688111110881e-09,2.625,-55.790625,318.1250163966565,0.0,85.9368330690458,1028.01,42,5,0,(),0,dark
yj_m,,False,1789605737331,,,,0.0,0.017103495505196586,0.0,2.719222075094158e-06,0.0,435.67499999999995,1.0,0.0024488678200343937,2.548688111110881e-09,2.25,-56.165625,318.1250163966565,0.0,85.9368330690458,1028.01,36,5,0,(),0,dark
yj_m,,False,1789605737381,,,,0.0,0.017103495505196586,0.0,2.719222075094158e-06,0.0,435.67499999999995,1.0,0.0024488678200343937,2.548688111110881e-09,2.6875,-55.728125,318.1250163966565,0.0,85.9368330690458,1028.01,43,5,0,(),0,dark
yj_m,,False,1789605737431,,,,0.0,0.017103495505196586,0.0,2.719222075094158e-06,0.0,435.67499999999995,1.0,0.0024488678200343937,2.548688111110881e-09,3.125,-55.290625,318.1250163966565,0.0,85.9368330690458,1028.01,50,5,0,(),0,dark
yj_m,,False,1789605737481,,,,0.0,0.017103495505196586,0.0,2.719222075094158e-06,0.0,435.67499999999995,1.0,0.0024488678200343937,2.548688111110881e-09,2.6875,-55.728125,318.1250163966565,0.0,85.9368330690458,1028.01,43,5,0,(),0,dark
yj_m,,False,1789605737531,,,,0.0,0.017103495505196586,0.0,2.719222075094158e-06,0.0,435.67499999999995,1.0,0.0024488678200343937,2.548688111110881e-09,2.5,-55.915625,318.1250163966565,0.0,85.9368330690458,1028.01,40,5,0,(),0,dark
yj_m,,False,1789605737581,,,,0.0,0.017103495505196586,0.0,2.719222075094158e-06,0.0,435.67499999999995,1.0,0.0024488678200343937,2.548688111110881e-09,2.4375,-55.978125,318.1250163966565,0.0,85.9368330690458,1028.01,39,5,0,(),0,dark
yj_m,,False,1789605737631,,,,0.0,0.017103495505196586,0.0,2.719222075094158e-06,0.0,435.67499999999995,1.0,0.0024488678200343937,2.548688111110881e-09,2.3125,-56.103125,318.1250163966565,0.0,85.9368330690458,1028.01,37,5,0,(),0,dark
yj_m,,False,1789605737681,,,,0.0,0.017103495505196586,0.0,2.719222075094158e-06,0.0,435.67499999999995,1.0,0.0024488678200343937,2.548688111110881e-09,2.5,-55.915625,318.1250163966565,0.0,85.9368330690458,1028.01,40,5,0,(),0,dark
yj_m,,False,1789605737731,,,,0.0,0.017103495505196586,0.0,2.719222075094158e-06,0.0,435.67499999999995,1.0,0.0024488678200343937,2.548688111110881e-09,2.625,-55.790625,318.1250163966565,0.0,85.9368330690458,1028.01,42,5,0,(),0,dark
yj_m,,False,1789605737781,,,,0.0,0.017103495505196586,0.0,2.719222075094158e-06,0.0,435.67499999999995,1.0,0.0024488678200343937,2.548688111110881e-09,2.0,-56.415625,318.1250163966565,0.0,85.9368330690458,1028.01,32,5,0,(),0,dark
yj_m,,False,1789605737831,,,,0.0,0.017103495505196586,0.0,2.719222075094158e-06,0.0,435.67499999999995,1.0,0.0024488678200343937,2.548688111110881e-09,2.8125,-55.603125,318.1250163966565,0.0,85.9368330690458,1028.01,45,5,0,(),0,dark
yj_m,,False,1789605737881,,,,0.0,0.017103495505196586,0.0,2.719222075094158e-06,0.0,435.67499999999995,1.0,0.0024488678200343937,2.548688111110881e-09,2.5,-55.915625,318.1250163966565,0.0,85.9368330690458,1028.01,40,5,0,(),0,dark
yj_m,,False,1789605737931,,,,0.0,0.017103495505196586,0.0,2.719222075094158e-06,0.0,435.67499999999995,1.0,0.0024488678200343937,2.548688111110881e-09,3.0625,-55.353125,318.1250163966565,0.0,85.9368330690458,1028.01,49,5,0,(),0,dark
yj_m,,False,1789605737981,,,,0.0,0.017103495505196586,0.0,2.719222075094158e-06,0.0,435.67499999999995,1.0,0.0024488678200343937,2.548688111110881e-09,2.4375,-55.978125,318.1250163966565,0.0,85.9368330690458,1028.01,39,5,0,(),0,dark
yj_m,,False,1789605738031,,,,0.0,0.017103495505196586,0.0,2.719222075094158e-06,0.0,435.67499999999995,1.0,0.0024488678200343937,2.548688111110881e-09,2.8125,-55.603125,318.1250163966565,0.0,85.9368330690458,1028.01,45,5,0,(),0,dark
yj_m,,False,1789605738081,,,,0.0,0.017103495505196586,0.0,2.719222075094158e-06,0.0,435.67499999999995,1.0,0.0024488678200343937,2.548688111110881e-09,1.6875,-56.728125,318.1250163966565,0.0,85.9368330690458,1028.01,27,5,0,(),0,dark
yj_m,,False,1789605738131,,,,0.0,0.017103495505196586,0.0,2.719222075094158e-06,0.0,435.67499999999995,1.0,0.0024488678200343937,2.548688111110881e-09,2.8125,-55.603125,318.1250163966565,0.0,85.9368330690458,1028.01,45,6,0,(),0,dark
yj_m,,False,1789605738181,,,,0.0,0.017103495505196586,0.0,2.719222075094158e-06,0.0,435.67499999999995,1.0,0.0024488678200343937,2.548688111110881e-09,2.4375,-55.978125,318.1250163966565,0.0,85.9368330690458,1028.01,39,6,0,(),0,dark
yj_m,,False,1789605738231,,,,0.0,0.017103495505196586,0.0,2.719222075094158e-06,0.0,435.67499999999995,1.0,0.0024488678200343937,2.548688111110881e-09,2.8125,-55.603125,318.1250163966565,0.0,85.9368330690458,1028.01,45,6,0,(),0,dark
yj_m,,False,1789605738281,,,,0.0,0.017103495505196586,0.0,2.719222075094158e-06,0.0,435.67499999999995,1.0,0.0024488678200343937,2.548688111110881e-09,2.625,-55.790625,318.1250163966565,0.0,85.9368330690458,1028.01,42,6,0,(),0,dark
yj_m,,False,1789605738331,,,,0.0,0.017103495505196586,0.0,2.719222075094158e-06,0.0,435.67499999999995,1.0,0.0024488678200343937,2.548688111110881e-09,2.625,-55.790625,318.1250163966565,0.0,85.9368330690458,1028.01,42,6,0,(),0,dark
yj_m,,False,1789605738381,,,,0.0,0.017103495505196586,0.0,2.719222075094158e-06,0.0,435.67499999999995,1.0,0.0024488678200343937,2.548688111110881e-09,3.0,-55.415625,318.1250163966565,0.0,85.9368330690458,1028.01,48,6,0,(),0,dark
yj_m,,False,1789605738431,,,,0.0,0.017103495505196586,0.0,2.719222075094158e-06,0.0,435.67499999999995,1.0,0.0024488678200343937,2.548688111110881e-09,1.75,-56.665625,318.1250163966565,0.0,85.9368330690458,1028.01,28,6,0,(),0,dark
yj_m,,False,1789605738481,,,,0.0,0.017103495505196586,0.0,2.719222075094158e-06,0.0,435.67499999999995,1.0,0.0024488678200343937,2.548688111110881e-09,2.6875,-55.728125,318.1250163966565,0.0,85.9368330690458,1028.01,43,6,0,(),0,dark
yj_m,,False,1789605738531,,,,0.0,0.017103495505196586,0.0,2.719222075094158e-06,0.0,435.67499999999995,1.0,0.0024488678200343937,2.548688111110881e-09,2.3125,-56.103125,318.1250163966565,0.0,85.9368330690458,1028.01,37,6,0,(),0,dark
yj_m,,False,1789605738581,,,,0.0,0.017103495505196586,0.0,2.719222075094158e-06,0.0,435.67499999999995,1.0,0.0024488678200343937,2.548688111110881e-09,3.25,-55.165625,318.1250163966565,0.0,85.9368330690458,1028.01,52,6,0,(),0,dark
yj_m,,False,1789605738631,,,,0.0,0.017103495505196586,0.0,2.719222075094158e-06,0.0,435.67499999999995,1.0,0.0024488678200343937,2.548688111110881e-09,2.8125,-55.603125,318.1250163966565,0.0,85.9368330690458,1028.01,45,6,0,(),0,dark
yj_m,,False,1789605738681,,,,0.0,0.017103495505196586,0.0,2.719222075094158e-06,0.0,435.67499999999995,1.0,0.0024488678200343937,2.548688111110881e-09,2.4375,-55.978125,318.1250163966565,0.0,85.9368330690458,1028.01,39,6,0,(),0,dark
yj_m,,False,1789605738731,,,,0.0,0.017103495505196586,0.0,2.719222075094158e-06,0.0,435.67499999999995,1.0,0.0024488678200343937,2.548688111110881e-09,2.3125,-56.103125,318.1250163966565,0.0,85.9368330690458,1028.01,37,6,0,(),0,dark
yj_m,,False,1789605738781,,,,0.0,0.017103495505196586,0.0,2.719222075094158e-06,0.0,435.67499999999995,1.0,0.0024488678200343937,2.548688111110881e-09,2.4375,-55.978125,318.1250163966565,0.0,85.9368330690458,1028.01,39,6,0,(),0,dark
yj_m,,False,1789605738831,,,,0.0,0.017103495505196586,0.0,2.719222075094158e-06,0.0,435.67499999999995,1.0,0.0024488678200343937,2.548688111110881e-09,2.625,-55.790625,318.1250163966565,0.0,85.9368330690458,1028.01,42,6,0,(),0,dark
yj_m,,False,1789605738882,,,,0.0,0.017103495505196586,0.0,2.719222075094158e-06,0.0,435.67499999999995,1.0,0.0024488678200343937,2.548688111110881e-09,2.9375,-55.478125,318.1250163966565,0.0,85.9368330690458,1028.01,47,6,0,(),0,dark
yj_m,,False,1789605738931,,,,0.0,0.017103495505196586,0.0,2.719222075094158e-06,0.0,435.67499999999995,1.0,0.0024488678200343937,2.548688111110881e-09,1.375,-57.040625,318.1250163966565,0.0,85.9368330690458,1028.01,22,6,0,(),0,dark
yj_m,,False,1789605738981,,,,0.0,0.017103495505196586,0.0,2.719222075094158e-06,0.0,435.67499999999995,1.0,0.0024488678200343937,2.548688111110881e-09,3.0625,-55.353125,318.1250163966565,0.0,85.9368330690458,1028.01,49,6,0,(),0,dark
yj_m,,False,1789605739031,,,,0.0,0.017103495505196586,0.0,2.719222075094158e-06,0.0,435.67499999999995,1.0,0.0024488678200343937,2.548688111110881e-09,2.8125,-55.603125,318.1250163966565,0.0,85.9368330690458,1028.01,45,6,0,(),0,dark
yj_m,,False,1789605739081,,,,0.0,0.017103495505196586,0.0,2.719222075094158e-06,0.0,435.67499999999995,1.0,0.0024488678200343937,2.548688111110881e-09,2.4375,-55.978125,318.1250163966565,0.0,85.9368330690458,1028.01,39,6,0,(),0,dark
yj_m,,False,1789605739131,,,,0.0,0.017103495505196586,0.0,2.719222075094158e-06,0.0,435.67499999999995,1.0,0.0024488678200343937,2.548688111110881e-09,2.5,-55.915625,318.1250163966565,0.0,85.9368330690458,1028.01,40,7,0,(),0,dark
yj_m,,False,1789605739181,,,,0.0,0.017103495505196586,0.0,2.719222075094158e-06,0.0,435.67499999999995,1.0,0.0024488678200343937,2.548688111110881e-09,2.25,-56.165625,318.1250163966565,0.0,85.9368330690458,1028.01,36,7,0,(),0,dark
yj_m,,False,1789605739231,,,,0.0,0.017103495505196586,0.0,2.719222075094158e-06,0.0,435.67499999999995,1.0,0.0024488678200343937,2.548688111110881e-09,2.25,-56.165625,318.1250163966565,0.0,85.9368330690458,1028.01,36,7,0,(),0,dark
yj_m,,False,1789605739281,,,,0.0,0.017103495505196586,0.0,2.719222075094158e-06,0.0,435.67499999999995,1.0,0.0024488678200343937,2.548688111110881e-09,2.0,-56.415625,318.1250163966565,0.0,85.9368330690458,1028.01,32,7,0,(),0,dark
yj_m,,False,1789605739331,,,,0.0,0.017103495505196586,0.0,2.719222075094158e-06,0.0,435.67499999999995,1.0,0.0024488678200343937,2.548688111110881e-09,2.9375,-55.478125,318.1250163966565,0.0,85.9368330690458,1028.01,47,7,0,(),0,dark
yj_m,,False,1789605739381,,,,0.0,0.017103495505196586,0.0,2.719222075094158e-06,0.0,435.67499999999995,1.0,0.0024488678200343937,2.548688111110881e-09,2.4375,-55.978125,318.1250163966565,0.0,85.9368330690458,1028.01,39,7,0,(),0,dark
yj_m,,False,1789605739431,,,,0.0,0.017103495505196586,0.0,2.719222075094158e-06,0.0,435.67499999999995,1.0,0.0024488678200343937,2.548688111110881e-09,2.4375,-55.978125,318.1250163966565,0.0,85.9368330690458,1028.01,39,7,0,(),0,dark
yj_m,,False,1789605739481,,,,0.0,0.017103495505196586,0.0,2.719222075094158e-06,0.0,435.67499999999995,1.0,0.0024488678200343937,2.548688111110881e-09,2.4375,-55.978125,318.1250163966565,0.0,85.9368330690458,1028.01,39,7,0,(),0,dark
yj_m,,False,1789605739531,,,,0.0,0.017103495505196586,0.0,2.719222075094158e-06,0.0,435.67499999999995,1.0,0.0024488678200343937,2.548688111110881e-09,2.5625,-55.853125,318.1250163966565,0.0,85.9368330690458,1028.01,41,7,0,(),0,dark
yj_m,,False,1789605739581,,,,0.0,0.017103495505196586,0.0,2.719222075094158e-06,0.0,435.67499999999995,1.0,0.0024488678200343937,2.548688111110881e-09,2.125,-56.290625,318.1250163966565,0.0,85.9368330690458,1028.01,34,7,0,(),0,dark
yj_m,,False,1789605739631,,,,0.0,0.017103495505196586,0.0,2.719222075094158e-06,0.0,435.67499999999995,1.0,0.0024488678200343937,2.548688111110881e-09,2.8125,-55.603125,318.1250163966565,0.0,85.9368330690458,1028.01,45,7,0,(),0,dark
yj_m,,False,1789605739681,,,,0.0,0.017103495505196586,0.0,2.719222075094158e-06,0.0,435.67499999999995,1.0,0.0024488678200343937,2.548688111110881e-09,2.4375,-55.978125,318.1250163966565,0.0,85.9368330690458,1028.01,39,7,0,(),0,dark
yj_m,,False,1789605739731,,,,0.0,0.017103495505196586,0.0,2.719222075094158e-06,0.0,435.67499999999995,1.0,0.0024488678200343937,2.548688111110881e-09,2.3125,-56.103125,318.1250163966565,0.0,85.9368330690458,1028.01,37,7,0,(),0,dark
yj_m,,False,1789605739781,,,,0.0,0.017103495505196586,0.0,2.719222075094158e-06,0.0,435.67499999999995,1.0,0.0024488678200343937,2.548688111110881e-09,2.1875,-56.228125,318.1250163966565,0.0,85.9368330690458,1028.01,35,7,0,(),0,dark
yj_m,,False,1789605739831,,,,0.0,0.017103495505196586,0.0,2.719222075094158e-06,0.0,435.67499999999995,1.0,0.0024488678200343937,2.548688111110881e-09,2.5,-55.915625,318.1250163966565,0.0,85.9368330690458,1028.01,40,7,0,(),0,dark
yj_m,,False,1789605739881,,,,0.0,0.017103495505196586,0.0,2.719222075094158e-06,0.0,435.67499999999995,1.0,0.0024488678200343937,2.548688111110881e-09,2.8125,-55.603125,318.1250163966565,0.0,85.9368330690458,1028.01,45,7,0,(),0,dark
yj_m,,False,1789605739931,,,,0.0,0.017103495505196586,0.0,2.719222075094158e-06,0.0,435.67499999999995,1.0,0.0024488678200343937,2.548688111110881e-09,2.625,-55.790625,318.1250163966565,0.0,85.9368330690458,1028.01,42,7,0,(),0,dark
yj_m,,False,1789605739981,,,,0.0,0.017103495505196586,0.0,2.719222075094158e-06,0.0,435.67499999999995,1.0,0.0024488678200343937,2.548688111110881e-09,2.25,-56.165625,318.1250163966565,0.0,85.9368330690458,1028.01,36,7,0,(),0,dark
yj_m,,False,1789605740031,,,,0.0,0.017103495505196586,0.0,2.719222075094158e-06,0.0,435.67499999999995,1.0,0.0024488678200343937,2.548688111110881e-09,2.375,-56.040625,318.1250163966565,0.0,85.9368330690458,1028.01,38,7,0,(),0,dark
yj_m,,False,1789605740081,,,,0.0,0.017103495505196586,0.0,2.719222075094158e-06,0.0,435.67499999999995,1.0,0.0024488678200343937,2.548688111110881e-09,2.125,-56.290625,318.1250163966565,0.0,85.9368330690458,1028.01,34,7,0,(),0,dark
yj_m,,False,1789605740131,,,,0.0,0.017103495505196586,0.0,2.719222075094158e-06,0.0,435.67499999999995,1.0,0.0024488678200343937,2.548688111110881e-09,2.0,-56.415625,318.1250163966565,0.0,85.9368330690458,1028.01,32,8,0,(),0,dark
yj_m,,False,1789605740181,,,,0.0,0.017103495505196586,0.0,2.719222075094158e-06,0.0,435.67499999999995,1.0,0.0024488678200343937,2.548688111110881e-09,1.6875,-56.728125,318.1250163966565,0.0,85.9368330690458,1028.01,27,8,0,(),0,dark
yj_m,,False,1789605740231,,,,0.0,0.017103495505196586,0.0,2.719222075094158e-06,0.0,435.67499999999995,1.0,0.0024488678200343937,2.548688111110881e-09,2.375,-56.040625,318.1250163966565,0.0,85.9368330690458,1028.01,38,8,0,(),0,dark
yj_m,,False,1789605740281,,,,0.0,0.017103495505196586,0.0,2.719222075094158e-06,0.0,435.67499999999995,1.0,0.0024488678200343937,2.548688111110881e-09,2.0,-56.415625,318.1250163966565,0.0,85.9368330690458,1028.01,32,8,0,(),0,dark
yj_m,,False,1789605740331,,,,0.0,0.017103495505196586,0.0,2.719222075094158e-06,0.0,435.67499999999995,1.0,0.0024488678200343937,2.548688111110881e-09,1.875,-56.540625,318.1250163966565,0.0,85.9368330690458,1028.01,30,8,0,(),0,dark
yj_m,,False,1789605740381,,,,0.0,0.017103495505196586,0.0,2.719222075094158e-06,0.0,435.67499999999995,1.0,0.0024488678200343937,2.548688111110881e-09,2.1875,-56.228125,318.1250163966565,0.0,85.9368330690458,1028.01,35,8,0,(),0,dark
yj_m,,False,1789605740431,,,,0.0,0.017103495505196586,0.0,2.719222075094158e-06,0.0,435.67499999999995,1.0,0.0024488678200343937,2.548688111110881e-09,2.0,-56.415625,318.1250163966565,0.0,85.9368330690458,1028.01,32,8,0,(),0,dark
yj_m,,False,1789605740481,,,,0.0,0.017103495505196586,0.0,2.719222075094158e-06,0.0,435.67499999999995,1.0,0.0024488678200343937,2.548688111110881e-09,2.5,-55.915625,318.1250163966565,0.0,85.9368330690458,1028.01,40,8,0,(),0,dark
yj_m,,False,1789605740531,,,,0.0,0.017103495505196586,0.0,2.719222075094158e-06,0.0,435.67499999999995,1.0,0.0024488678200343937,2.548688111110881e-09,2.1875,-56.228125,318.1250163966565,0.0,85.9368330690458,1028.01,35,8,0,(),0,dark
yj_m,,False,1789605740581,,,,0.0,0.017103495505196586,0.0,2.719222075094158e-06,0.0,435.67499999999995,1.0,0.0024488678200343937,2.548688111110881e-09,2.3125,-56.103125,318.1250163966565,0.0,85.9368330690458,1028.01,37,8,0,(),0,dark
yj_m,,False,1789605740631,,,,0.0,0.017103495505196586,0.0,2.719222075094158e-06,0.0,435.67499999999995,1.0,0.0024488678200343937,2.548688111110881e-09,2.6875,-55.728125,318.1250163966565,0.0,85.9368330690458,1028.01,43,8,0,(),0,dark
yj_m,,False,1789605740681,,,,0.0,0.017103495505196586,0.0,2.719222075094158e-06,0.0,435.67499999999995,1.0,0.0024488678200343937,2.548688111110881e-09,1.6875,-56.728125,318.1250163966565,0.0,85.9368330690458,1028.01,27,8,0,(),0,dark
yj_m,,False,1789605740731,,,,0.0,0.017103495505196586,0.0,2.719222075094158e-06,0.0,435.67499999999995,1.0,0.0024488678200343937,2.548688111110881e-09,2.0,-56.415625,318.1250163966565,0.0,85.9368330690458,1028.01,32,8,0,(),0,dark
yj_m,,False,1789605740781,,,,0.0,0.017103495505196586,0.0,2.719222075094158e-06,0.0,435.67499999999995,1.0,0.0024488678200343937,2.548688111110881e-09,1.875,-56.540625,318.1250163966565,0.0,85.9368330690458,1028.01,30,8,0,(),0,dark
yj_m,,False,1789605740831,,,,0.0,0.017103495505196586,0.0,2.719222075094158e-06,0.0,435.67499999999995,1.0,0.0024488678200343937,2.548688111110881e-09,2.625,-55.790625,318.1250163966565,0.0,85.9368330690458,1028.01,42,8,0,(),0,dark
yj_m,,False,1789605740881,,,,0.0,0.017103495505196586,0.0,2.719222075094158e-06,0.0,435.67499999999995,1.0,0.0024488678200343937,2.548688111110881e-09,2.375,-56.040625,318.1250163966565,0.0,85.9368330690458,1028.01,38,8,0,(),0,dark
yj_m,,False,1789605740931,,,,0.0,0.017103495505196586,0.0,2.719222075094158e-06,0.0,435.67499999999995,1.0,0.0024488678200343937,2.548688111110881e-09,2.8125,-55.603125,318.1250163966565,0.0,85.9368330690458,1028.01,45,8,0,(),0,dark
yj_m,,False,1789605740981,,,,0.0,0.017103495505196586,0.0,2.719222075094158e-06,0.0,435.67499999999995,1.0,0.0024488678200343937,2.548688111110881e-09,2.6875,-55.728125,318.1250163966565,0.0,85.9368330690458,1028.01,43,8,0,(),0,dark
yj_m,,False,1789605741031,,,,0.0,0.017103495505196586,0.0,2.719222075094158e-06,0.0,435.67499999999995,1.0,0.0024488678200343937,2.548688111110881e-09,2.4375,-55.978125,318.1250163966565,0.0,85.9368330690458,1028.01,39,8,0,(),0,dark
yj_m,,False,1789605741081,,,,0.0,0.017103495505196586,0.0,2.719222075094158e-06,0.0,435.67499999999995,1.0,0.0024488678200343937,2.548688111110881e-09,2.875,-55.540625,318.1250163966565,0.0,85.9368330690458,1028.01,46,8,0,(),0,dark
yj_m,,False,1789605741131,,,,0.0,0.017103495505196586,0.0,2.719222075094158e-06,0.0,435.67499999999995,1.0,0.0024488678200343937,2.548688111110881e-09,2.75,-55.665625,318.1250163966565,0.0,85.9368330690458,1028.01,44,9,0,(),0,dark
yj_m,,False,1789605741181,,,,0.0,0.017103495505196586,0.0,2.719222075094158e-06,0.0,435.67499999999995,1.0,0.0024488678200343937,2.548688111110881e-09,2.1875,-56.228125,318.1250163966565,0.0,85.9368330690458,1028.01,35,9,0,(),0,dark
yj_m,,False,1789605741231,,,,0.0,0.017103495505196586,0.0,2.719222075094158e-06,0.0,435.67499999999995,1.0,0.0024488678200343937,2.548688111110881e-09,1.5,-56.915625,318.1250163966565,0.0,85.9368330690458,1028.01,24,9,0,(),0,dark
yj_m,,False,1789605741281,,,,0.0,0.017103495505196586,0.0,2.719222075094158e-06,0.0,435.67499999999995,1.0,0.0024488678200343937,2.548688111110881e-09,1.5625,-56.853125,318.1250163966565,0.0,85.9368330690458,1028.01,25,9,0,(),0,dark
yj_m,,False,1789605741331,,,,0.0,0.017103495505196586,0.0,2.719222075094158e-06,0.0,435.67499999999995,1.0,0.0024488678200343937,2.548688111110881e-09,1.9375,-56.478125,318.1250163966565,0.0,85.9368330690458,1028.01,31,9,0,(),0,dark
yj_m,,False,1789605741381,,,,0.0,0.017103495505196586,0.0,2.719222075094158e-06,0.0,435.67499999999995,1.0,0.0024488678200343937,2.548688111110881e-09,2.5,-55.915625,318.1250163966565,0.0,85.9368330690458,1028.01,40,9,0,(),0,dark
yj_m,,False,1789605741431,,,,0.0,0.017103495505196586,0.0,2.719222075094158e-06,0.0,435.67499999999995,1.0,0.0024488678200343937,2.548688111110881e-09,2.125,-56.290625,318.1250163966565,0.0,85.9368330690458,1028.01,34,9,0,(),0,dark
yj_m,,False,1789605741481,,,,0.0,0.017103495505196586,0.0,2.719222075094158e-06,0.0,435.67499999999995,1.0,0.0024488678200343937,2.548688111110881e-09,2.4375,-55.978125,318.1250163966565,0.0,85.9368330690458,1028.01,39,9,0,(),0,dark
yj_m,,False,1789605741531,,,,0.0,0.017103495505196586,0.0,2.719222075094158e-06,0.0,435.67499999999995,1.0,0.0024488678200343937,2.548688111110881e-09,2.25,-56.165625,318.1250163966565,0.0,85.9368330690458,1028.01,36,9,0,(),0,dark
yj_m,,False,1789605741581,,,,0.0,0.017103495505196586,0.0,2.719222075094158e-06,0.0,435.67499999999995,1.0,0.0024488678200343937,2.548688111110881e-09,1.9375,-56.478125,318.1250163966565,0.0,85.9368330690458,1028.01,31,9,0,(),0,dark
yj_m,,False,1789605741631,,,,0.0,0.017103495505196586,0.0,2.719222075094158e-06,0.0,435.67499999999995,1.0,0.0024488678200343937,2.548688111110881e-09,2.3125,-56.103125,318.1250163966565,0.0,85.9368330690458,1028.01,37,9,0,(),0,dark
yj_m,,False,1789605741681,,,,0.0,0.017103495505196586,0.0,2.719222075094158e-06,0.0,435.67499999999995,1.0,0.0024488678200343937,2.548688111110881e-09,1.875,-56.540625,318.1250163966565,0.0,85.9368330690458,1028.01,30,9,0,(),0,dark
yj_m,,False,1789605741731,,,,0.0,0.017103495505196586,0.0,2.719222075094158e-06,0.0,435.67499999999995,1.0,0.0024488678200343937,2.548688111110881e-09,2.125,-56.290625,318.1250163966565,0.0,85.9368330690458,1028.01,34,9,0,(),0,dark
yj_m,,False,1789605741781,,,,0.0,0.017103495505196586,0.0,2.719222075094158e-06,0.0,435.67499999999995,1.0,0.0024488678200343937,2.548688111110881e-09,2.5625,-55.853125,318.1250163966565,0.0,85.9368330690458,1028.01,41,9,0,(),0,dark
yj_m,,False,1789605741831,,,,0.0,0.017103495505196586,0.0,2.719222075094158e-06,0.0,435.67499999999995,1.0,0.0024488678200343937,2.548688111110881e-09,2.0625,-56.353125,318.1250163966565,0.0,85.9368330690458,1028.01,33,9,0,(),0,dark
yj_m,,False,1789605741881,,,,0.0,0.017103495505196586,0.0,2.719222075094158e-06,0.0,435.67499999999995,1.0,0.0024488678200343937,2.548688111110881e-09,2.0,-56.415625,318.1250163966565,0.0,85.9368330690458,1028.01,32,9,0,(),0,dark
yj_m,,False,1789605741931,,,,0.0,0.017103495505196586,0.0,2.719222075094158e-06,0.0,435.67499999999995,1.0,0.0024488678200343937,2.548688111110881e-09,2.25,-56.165625,318.1250163966565,0.0,85.9368330690458,1028.01,36,9,0,(),0,dark
yj_m,,False,1789605741981,,,,0.0,0.017103495505196586,0.0,2.719222075094158e-06,0.0,435.67499999999995,1.0,0.0024488678200343937,2.548688111110881e-09,2.0625,-56.353125,318.1250163966565,0.0,85.9368330690458,1028.01,33,9,0,(),0,dark
yj_m,,False,1789605742031,,,,0.0,0.017103495505196586,0.0,2.719222075094158e-06,0.0,435.67499999999995,1.0,0.0024488678200343937,2.548688111110881e-09,2.4375,-55.978125,318.1250163966565,0.0,85.9368330690458,1028.01,39,9,0,(),0,dark
yj_m,,False,1789605742081,,,,0.0,0.017103495505196586,0.0,2.719222075094158e-06,0.0,435.67499999999995,1.0,0.0024488678200343937,2.548688111110881e-09,2.0,-56.415625,318.1250163966565,0.0,85.9368330690458,1028.01,32,9,0,(),0,dark
yj_m,,False,1789605742131,,,,0.0,0.017103495505196586,0.0,2.719222075094158e-06,0.0,435.67499999999995,1.0,0.0024488678200343937,2.548688111110881e-09,2.1875,-56.228125,318.1250163966565,0.0,85.9368330690458,1028.01,35,10,0,(),0,dark
yj_m,,False,1789605742181,,,,0.0,0.017103495505196586,0.0,2.719222075094158e-06,0.0,435.67499999999995,1.0,0.0024488678200343937,2.548688111110881e-09,2.5,-55.915625,318.1250163966565,0.0,85.9368330690458,1028.01,40,10,0,(),0,dark
yj_m,,False,1789605742231,,,,0.0,0.017103495505196586,0.0,2.719222075094158e-06,0.0,435.67499999999995,1.0,0.0024488678200343937,2.548688111110881e-09,2.1875,-56.228125,318.1250163966565,0.0,85.9368330690458,1028.01,35,10,0,(),0,dark
yj_m,,False,1789605742281,,,,0.0,0.017103495505196586,0.0,2.719222075094158e-06,0.0,435.67499999999995,1.0,0.0024488678200343937,2.548688111110881e-09,1.8125,-56.603125,318.1250163966565,0.0,85.9368330690458,1028.01,29,10,0,(),0,dark
yj_m,,False,1789605742331,,,,0.0,0.017103495505196586,0.0,2.719222075094158e-06,0.0,435.67499999999995,1.0,0.0024488678200343937,2.548688111110881e-09,2.375,-56.040625,318.1250163966565,0.0,85.9368330690458,1028.01,38,10,0,(),0,dark
yj_m,,False,1789605742381,,,,0.0,0.017103495505196586,0.0,2.719222075094158e-06,0.0,435.67499999999995,1.0,0.0024488678200343937,2.548688111110881e-09,1.6875,-56.728125,318.1250163966565,0.0,85.9368330690458,1028.01,27,10,0,(),0,dark
yj_m,,False,1789605742431,,,,0.0,0.017103495505196586,0.0,2.719222075094158e-06,0.0,435.67499999999995,1.0,0.0024488678200343937,2.548688111110881e-09,3.25,-55.165625,318.1250163966565,0.0,85.9368330690458,1028.01,52,10,0,(),0,dark
yj_m,,False,1789605742481,,,,0.0,0.017103495505196586,0.0,2.719222075094158e-06,0.0,435.67499999999995,1.0,0.0024488678200343937,2.548688111110881e-09,1.8125,-56.603125,318.1250163966565,0.0,85.9368330690458,1028.01,29,10,0,(),0,dark
yj_m,,False,1789605742531,,,,0.0,0.017103495505196586,0.0,2.719222075094158e-06,0.0,435.67499999999995,1.0,0.0024488678200343937,2.548688111110881e-09,2.625,-55.790625,318.1250163966565,0.0,85.9368330690458,1028.01,42,10,0,(),0,dark
yj_m,,False,1789605742581,,,,0.0,0.017103495505196586,0.0,2.719222075094158e-06,0.0,435.67499999999995,1.0,0.0024488678200343937,2.548688111110881e-09,2.5625,-55.853125,318.1250163966565,0.0,85.9368330690458,1028.01,41,10,0,(),0,dark
yj_m,,False,1789605742631,,,,0.0,0.017103495505196586,0.0,2.719222075094158e-06,0.0,435.67499999999995,1.0,0.0024488678200343937,2.548688111110881e-09,2.0625,-56.353125,318.1250163966565,0.0,85.9368330690458,1028.01,33,10,0,(),0,dark
yj_m,,False,1789605742681,,,,0.0,0.017103495505196586,0.0,2.719222075094158e-06,0.0,435.67499999999995,1.0,0.0024488678200343937,2.548688111110881e-09,2.625,-55.790625,318.1250163966565,0.0,85.9368330690458,1028.01,42,10,0,(),0,dark
yj_m,,False,1789605742731,,,,0.0,0.017103495505196586,0.0,2.719222075094158e-06,0.0,435.67499999999995,1.0,0.0024488678200343937,2.548688111110881e-09,1.875,-56.540625,318.1250163966565,0.0,85.9368330690458,1028.01,30,10,0,(),0,dark
yj_m,,False,1789605742781,,,,0.0,0.017103495505196586,0.0,2.719222075094158e-06,0.0,435.67499999999995,1.0,0.0024488678200343937,2.548688111110881e-09,2.875,-55.540625,318.1250163966565,0.0,85.9368330690458,1028.01,46,10,0,(),0,dark
yj_m,,False,1789605742831,,,,0.0,0.017103495505196586,0.0,2.719222075094158e-06,0.0,435.67499999999995,1.0,0.0024488678200343937,2.548688111110881e-09,1.9375,-56.478125,318.1250163966565,0.0,85.9368330690458,1028.01,31,10,0,(),0,dark
yj_m,,False,1789605742881,,,,0.0,0.017103495505196586,0.0,2.719222075094158e-06,0.0,435.67499999999995,1.0,0.0024488678200343937,2.548688111110881e-09,1.9375,-56.478125,318.1250163966565,0.0,85.9368330690458,1028.01,31,10,0,(),0,dark
yj_m,,False,1789605742931,,,,0.0,0.017103495505196586,0.0,2.719222075094158e-06,0.0,435.67499999999995,1.0,0.0024488678200343937,2.548688111110881e-09,2.125,-56.290625,318.1250163966565,0.0,85.9368330690458,1028.01,34,10,0,(),0,dark
yj_m,,False,1789605742981,,,,0.0,0.017103495505196586,0.0,2.719222075094158e-06,0.0,435.67499999999995,1.0,0.0024488678200343937,2.548688111110881e-09,2.1875,-56.228125,318.1250163966565,0.0,85.9368330690458,1028.01,35,10,0,(),0,dark
yj_m,,False,1789605743031,,,,0.0,0.017103495505196586,0.0,2.719222075094158e-06,0.0,435.67499999999995,1.0,0.0024488678200343937,2.548688111110881e-09,1.8125,-56.603125,318.1250163966565,0.0,85.9368330690458,1028.01,29,10,0,(),0,dark
yj_m,,False,1789605743081,,,,0.0,0.017103495505196586,0.0,2.719222075094158e-06,0.0,435.67499999999995,1.0,0.0024488678200343937,2.548688111110881e-09,1.75,-56.665625,318.1250163966565,0.0,85.9368330690458,1028.01,28,10,0,(),0,dark
yj_m,,False,1789605743131,,,,0.0,0.017103495505196586,0.0,2.719222075094158e-06,0.0,435.67499999999995,1.0,0.0024488678200343937,2.548688111110881e-09,2.125,-56.290625,318.1250163966565,0.0,85.9368330690458,1028.01,34,11,0,(),0,dark
yj_m,,False,1789605743181,,,,0.0,0.017103495505196586,0.0,2.719222075094158e-06,0.0,435.67499999999995,1.0,0.0024488678200343937,2.548688111110881e-09,2.4375,-55.978125,318.1250163966565,0.0,85.9368330690458,1028.01,39,11,0,(),0,dark
yj_m,,False,1789605743231,,,,0.0,0.017103495505196586,0.0,2.719222075094158e-06,0.0,435.67499999999995,1.0,0.0024488678200343937,2.548688111110881e-09,2.375,-56.040625,318.1250163966565,0.0,85.9368330690458,1028.01,38,11,0,(),0,dark
yj_m,,False,1789605743281,,,,0.0,0.017103495505196586,0.0,2.719222075094158e-06,0.0,435.67499999999995,1.0,0.0024488678200343937,2.548688111110881e-09,3.0625,-55.353125,318.1250163966565,0.0,85.9368330690458,1028.01,49,11,0,(),0,dark
yj_m,,False,1789605743331,,,,0.0,0.017103495505196586,0.0,2.719222075094158e-06,0.0,435.67499999999995,1.0,0.0024488678200343937,2.548688111110881e-09,1.6875,-56.728125,318.1250163966565,0.0,85.9368330690458,1028.01,27,11,0,(),0,dark
yj_m,,False,1789605743381,,,,0.0,0.017103495505196586,0.0,2.719222075094158e-06,0.0,435.67499999999995,1.0,0.0024488678200343937,2.548688111110881e-09,2.1875,-56.228125,318.1250163966565,0.0,85.9368330690458,1028.01,35,11,0,(),0,dark
yj_m,,False,1789605743432,,,,0.0,0.017103495505196586,0.0,2.719222075094158e-06,0.0,435.67499999999995,1.0,0.0024488678200343937,2.548688111110881e-09,2.3125,-56.103125,318.1250163966565,0.0,85.9368330690458,1028.01,37,11,0,(),0,dark
yj_m,,False,1789605743481,,,,0.0,0.017103495505196586,0.0,2.719222075094158e-06,0.0,435.67499999999995,1.0,0.0024488678200343937,2.548688111110881e-09,2.375,-56.040625,318.1250163966565,0.0,85.9368330690458,1028.01,38,11,0,(),0,dark
yj_m,,False,1789605743531,,,,0.0,0.017103495505196586,0.0,2.719222075094158e-06,0.0,435.67499999999995,1.0,0.0024488678200343937,2.548688111110881e-09,2.1875,-56.228125,318.1250163966565,0.0,85.9368330690458,1028.01,35,11,0,(),0,dark
yj_m,,False,1789605743581,,,,0.0,0.017103495505196586,0.0,2.719222075094158e-06,0.0,435.67499999999995,1.0,0.0024488678200343937,2.548688111110881e-09,2.5625,-55.853125,318.1250163966565,0.0,85.9368330690458,1028.01,41,11,0,(),0,dark
yj_m,,False,1789605743631,,,,0.0,0.017103495505196586,0.0,2.719222075094158e-06,0.0,435.67499999999995,1.0,0.0024488678200343937,2.548688111110881e-09,1.8125,-56.603125,318.1250163966565,0.0,85.9368330690458,1028.01,29,11,0,(),0,dark
yj_m,,False,1789605743681,,,,0.0,0.017103495505196586,0.0,2.719222075094158e-06,0.0,435.67499999999995,1.0,0.0024488678200343937,2.548688111110881e-09,2.0,-56.415625,318.1250163966565,0.0,85.9368330690458,1028.01,32,11,0,(),0,dark
yj_m,,False,1789605743731,,,,0.0,0.017103495505196586,0.0,2.719222075094158e-06,0.0,435.67499999999995,1.0,0.0024488678200343937,2.548688111110881e-09,2.0625,-56.353125,318.1250163966565,0.0,85.9368330690458,1028.01,33,11,0,(),0,dark
yj_m,,False,1789605743781,,,,0.0,0.017103495505196586,0.0,2.719222075094158e-06,0.0,435.67499999999995,1.0,0.0024488678200343937,2.548688111110881e-09,2.3125,-56.103125,318.1250163966565,0.0,85.9368330690458,1028.01,37,11,0,(),0,dark
yj_m,,False,1789605743831,,,,0.0,0.017103495505196586,0.0,2.719222075094158e-06,0.0,435.67499999999995,1.0,0.0024488678200343937,2.548688111110881e-09,1.75,-56.665625,318.1250163966565,0.0,85.9368330690458,1028.01,28,11,0,(),0,dark
yj_m,,False,1789605743881,,,,0.0,0.017103495505196586,0.0,2.719222075094158e-06,0.0,435.67499999999995,1.0,0.0024488678200343937,2.548688111110881e-09,1.875,-56.540625,318.1250163966565,0.0,85.9368330690458,1028.01,30,11,0,(),0,dark
yj_m,,False,1789605743931,,,,0.0,0.017103495505196586,0.0,2.719222075094158e-06,0.0,435.67499999999995,1.0,0.0024488678200343937,2.548688111110881e-09,2.0625,-56.353125,318.1250163966565,0.0,85.9368330690458,1028.01,33,11,0,(),0,dark
yj_m,,False,1789605743981,,,,0.0,0.017103495505196586,0.0,2.719222075094158e-06,0.0,435.67499999999995,1.0,0.0024488678200343937,2.548688111110881e-09,1.6875,-56.728125,318.1250163966565,0.0,85.9368330690458,1028.01,27,11,0,(),0,dark
yj_m,,False,1789605744031,,,,0.0,0.017103495505196586,0.0,2.719222075094158e-06,0.0,435.67499999999995,1.0,0.0024488678200343937,2.548688111110881e-09,2.4375,-55.978125,318.1250163966565,0.0,85.9368330690458,1028.01,39,11,0,(),0,dark
yj_m,,False,1789605744081,,,,0.0,0.017103495505196586,0.0,2.719222075094158e-06,0.0,435.67499999999995,1.0,0.0024488678200343937,2.548688111110881e-09,1.8125,-56.603125,318.1250163966565,0.0,85.9368330690458,1028.01,29,11,0,(),0,dark
yj_m,,False,1789605744131,,,,0.0,0.017103495505196586,0.0,2.719222075094158e-06,0.0,435.67499999999995,1.0,0.0024488678200343937,2.548688111110881e-09,1.625,-56.790625,318.1250163966565,0.0,85.9368330690458,1028.01,26,12,0,(),0,dark
yj_m,,False,1789605744181,,,,0.0,0.017103495505196586,0.0,2.719222075094158e-06,0.0,435.67499999999995,1.0,0.0024488678200343937,2.548688111110881e-09,2.4375,-55.978125,318.1250163966565,0.0,85.9368330690458,1028.01,39,12,0,(),0,dark
yj_m,,False,1789605744231,,,,0.0,0.017103495505196586,0.0,2.719222075094158e-06,0.0,435.67499999999995,1.0,0.0024488678200343937,2.548688111110881e-09,1.9375,-56.478125,318.1250163966565,0.0,85.9368330690458,1028.01,31,12,0,(),0,dark
yj_m,,False,1789605744281,,,,0.0,0.017103495505196586,0.0,2.719222075094158e-06,0.0,435.67499999999995,1.0,0.0024488678200343937,2.548688111110881e-09,2.0625,-56.353125,318.1250163966565,0.0,85.9368330690458,1028.01,33,12,0,(),0,dark
yj_m,,False,1789605744331,,,,0.0,0.017103495505196586,0.0,2.719222075094158e-06,0.0,435.67499999999995,1.0,0.0024488678200343937,2.548688111110881e-09,2.0,-56.415625,318.1250163966565,0.0,85.9368330690458,1028.01,32,12,0,(),0,dark
yj_m,,False,1789605744381,,,,0.0,0.017103495505196586,0.0,2.719222075094158e-06,0.0,435.67499999999995,1.0,0.0024488678200343937,2.548688111110881e-09,2.25,-56.165625,318.1250163966565,0.0,85.9368330690458,1028.01,36,12,0,(),0,dark
yj_m,,False,1789605744431,,,,0.0,0.017103495505196586,0.0,2.719222075094158e-06,0.0,435.67499999999995,1.0,0.0024488678200343937,2.548688111110881e-09,2.1875,-56.228125,318.1250163966565,0.0,85.9368330690458,1028.01,35,12,0,(),0,dark
yj_m,,False,1789605744481,,,,0.0,0.017103495505196586,0.0,2.719222075094158e-06,0.0,435.67499999999995,1.0,0.0024488678200343937,2.548688111110881e-09,2.125,-56.290625,318.1250163966565,0.0,85.9368330690458,1028.01,34,12,0,(),0,dark
yj_m,,False,1789605744531,,,,0.0,0.017103495505196586,0.0,2.719222075094158e-06,0.0,435.67499999999995,1.0,0.0024488678200343937,2.548688111110881e-09,2.1875,-56.228125,318.1250163966565,0.0,85.9368330690458,1028.01,35,12,0,(),0,dark
yj_m,,False,1789605744581,,,,0.0,0.017103495505196586,0.0,2.719222075094158e-06,0.0,435.67499999999995,1.0,0.0024488678200343937,2.548688111110881e-09,1.9375,-56.478125,318.1250163966565,0.0,85.9368330690458,1028.01,31,12,0,(),0,dark
yj_m,,False,1789605744631,,,,0.0,0.017103495505196586,0.0,2.719222075094158e-06,0.0,435.67499999999995,1.0,0.0024488678200343937,2.548688111110881e-09,2.3125,-56.103125,318.1250163966565,0.0,85.9368330690458,1028.01,37,12,0,(),0,dark
yj_m,,False,1789605744681,,,,0.0,0.017103495505196586,0.0,2.719222075094158e-06,0.0,435.67499999999995,1.0,0.0024488678200343937,2.548688111110881e-09,2.0625,-56.353125,318.1250163966565,0.0,85.9368330690458,1028.01,33,12,0,(),0,dark
yj_m,,False,1789605744731,,,,0.0,0.017103495505196586,0.0,2.719222075094158e-06,0.0,435.67499999999995,1.0,0.0024488678200343937,2.548688111110881e-09,1.625,-56.790625,318.1250163966565,0.0,85.9368330690458,1028.01,26,12,0,(),0,dark
yj_m,,False,1789605744781,,,,0.0,0.017103495505196586,0.0,2.719222075094158e-06,0.0,435.67499999999995,1.0,0.0024488678200343937,2.548688111110881e-09,1.875,-56.540625,318.1250163966565,0.0,85.9368330690458,1028.01,30,12,0,(),0,dark
yj_m,,False,1789605744831,,,,0.0,0.017103495505196586,0.0,2.719222075094158e-06,0.0,435.67499999999995,1.0,0.0024488678200343937,2.548688111110881e-09,2.5,-55.915625,318.1250163966565,0.0,85.9368330690458,1028.01,40,12,0,(),0,dark
yj_m,,False,1789605744881,,,,0.0,0.017103495505196586,0.0,2.719222075094158e-06,0.0,435.67499999999995,1.0,0.0024488678200343937,2.548688111110881e-09,2.375,-56.040625,318.1250163966565,0.0,85.9368330690458,1028.01,38,12,0,(),0,dark
yj_m,,False,1789605744931,,,,0.0,0.017103495505196586,0.0,2.719222075094158e-06,0.0,435.67499999999995,1.0,0.0024488678200343937,2.548688111110881e-09,2.1875,-56.228125,318.1250163966565,0.0,85.9368330690458,1028.01,35,12,0,(),0,dark
yj_m,,False,1789605744981,,,,0.0,0.017103495505196586,0.0,2.719222075094158e-06,0.0,435.67499999999995,1.0,0.0024488678200343937,2.548688111110881e-09,2.25,-56.165625,318.1250163966565,0.0,85.9368330690458,1028.01,36,12,0,(),0,dark
yj_m,,False,1789605745031,,,,0.0,0.017103495505196586,0.0,2.719222075094158e-06,0.0,435.67499999999995,1.0,0.0024488678200343937,2.548688111110881e-09,2.0625,-56.353125,318.1250163966565,0.0,85.9368330690458,1028.01,33,12,0,(),0,dark
yj_m,,False,1789605745081,,,,0.0,0.017103495505196586,0.0,2.719222075094158e-06,0.0,435.67499999999995,1.0,0.0024488678200343937,2.548688111110881e-09,2.1875,-56.228125,318.1250163966565,0.0,85.9368330690458,1028.01,35,12,0,(),0,dark
yj_m,,False,1789605745131,,,,0.0,0.017103495505196586,0.0,2.719222075094158e-06,0.0,435.67499999999995,1.0,0.0024488678200343937,2.548688111110881e-09,1.625,-56.790625,318.1250163966565,0.0,85.9368330690458,1028.01,26,13,0,(),0,dark
yj_m,,False,1789605745181,,,,0.0,0.017103495505196586,0.0,2.719222075094158e-06,0.0,435.67499999999995,1.0,0.0024488678200343937,2.548688111110881e-09,2.0,-56.415625,318.1250163966565,0.0,85.9368330690458,1028.01,32,13,0,(),0,dark
yj_m,,False,1789605745231,,,,0.0,0.017103495505196586,0.0,2.719222075094158e-06,0.0,435.67499999999995,1.0,0.0024488678200343937,2.548688111110881e-09,2.375,-56.040625,318.1250163966565,0.0,85.9368330690458,1028.01,38,13,0,(),0,dark
yj_m,,False,1789605745281,,,,0.0,0.017103495505196586,0.0,2.719222075094158e-06,0.0,435.67499999999995,1.0,0.0024488678200343937,2.548688111110881e-09,2.0625,-56.353125,318.1250163966565,0.0,85.9368330690458,1028.01,33,13,0,(),0,dark
yj_m,,False,1789605745331,,,,0.0,0.017103495505196586,0.0,2.719222075094158e-06,0.0,435.67499999999995,1.0,0.0024488678200343937,2.548688111110881e-09,2.0625,-56.353125,318.1250163966565,0.0,85.9368330690458,1028.01,33,13,0,(),0,dark
yj_m,,False,1789605745381,,,,0.0,0.017103495505196586,0.0,2.719222075094158e-06,0.0,435.67499999999995,1.0,0.0024488678200343937,2.548688111110881e-09,1.8125,-56.603125,318.1250163966565,0.0,85.9368330690458,1028.01,29,13,0,(),0,dark
yj_m,,False,1789605745431,,,,0.0,0.017103495505196586,0.0,2.719222075094158e-06,0.0,435.67499999999995,1.0,0.0024488678200343937,2.548688111110881e-09,2.25,-56.165625,318.1250163966565,0.0,85.9368330690458,1028.01,36,13,0,(),0,dark
yj_m,,False,1789605745481,,,,0.0,0.017103495505196586,0.0,2.719222075094158e-06,0.0,435.67499999999995,1.0,0.0024488678200343937,2.548688111110881e-09,2.0625,-56.353125,318.1250163966565,0.0,85.9368330690458,1028.01,33,13,0,(),0,dark
yj_m,,False,1789605745531,,,,0.0,0.017103495505196586,0.0,2.719222075094158e-06,0.0,435.67499999999995,1.0,0.0024488678200343937,2.548688111110881e-09,1.9375,-56.478125,318.1250163966565,0.0,85.9368330690458,1028.01,31,13,0,(),0,dark
yj_m,,False,1789605745581,,,,0.0,0.017103495505196586,0.0,2.719222075094158e-06,0.0,435.67499999999995,1.0,0.0024488678200343937,2.548688111110881e-09,1.75,-56.665625,318.1250163966565,0.0,85.9368330690458,1028.01,28,13,0,(),0,dark
yj_m,,False,1789605745631,,,,0.0,0.017103495505196586,0.0,2.719222075094158e-06,0.0,435.67499999999995,1.0,0.0024488678200343937,2.548688111110881e-09,2.125,-56.290625,318.1250163966565,0.0,85.9368330690458,1028.01,34,13,0,(),0,dark
yj_m,,False,1789605745681,,,,0.0,0.017103495505196586,0.0,2.719222075094158e-06,0.0,435.67499999999995,1.0,0.0024488678200343937,2.548688111110881e-09,1.625,-56.790625,318.1250163966565,0.0,85.9368330690458,1028.01,26,13,0,(),0,dark
yj_m,,False,1789605745731,,,,0.0,0.017103495505196586,0.0,2.719222075094158e-06,0.0,435.67499999999995,1.0,0.0024488678200343937,2.548688111110881e-09,2.375,-56.040625,318.1250163966565,0.0,85.9368330690458,1028.01,38,13,0,(),0,dark
yj_m,,False,1789605745781,,,,0.0,0.017103495505196586,0.0,2.719222075094158e-06,0.0,435.67499999999995,1.0,0.0024488678200343937,2.548688111110881e-09,2.1875,-56.228125,318.1250163966565,0.0,85.9368330690458,1028.01,35,13,0,(),0,dark
yj_m,,False,1789605745831,,,,0.0,0.017103495505196586,0.0,2.719222075094158e-06,0.0,435.67499999999995,1.0,0.0024488678200343937,2.548688111110881e-09,2.8125,-55.603125,318.1250163966565,0.0,85.9368330690458,1028.01,45,13,0,(),0,dark
yj_m,,False,1789605745881,,,,0.0,0.017103495505196586,0.0,2.719222075094158e-06,0.0,435.67499999999995,1.0,0.0024488678200343937,2.548688111110881e-09,2.0,-56.415625,318.1250163966565,0.0,85.9368330690458,1028.01,32,13,0,(),0,dark
yj_m,,False,1789605745931,,,,0.0,0.017103495505196586,0.0,2.719222075094158e-06,0.0,435.67499999999995,1.0,0.0024488678200343937,2.548688111110881e-09,1.75,-56.665625,318.1250163966565,0.0,85.9368330690458,1028.01,28,13,0,(),0,dark
yj_m,,False,1789605745981,,,,0.0,0.017103495505196586,0.0,2.719222075094158e-06,0.0,435.67499999999995,1.0,0.0024488678200343937,2.548688111110881e-09,2.625,-55.790625,318.1250163966565,0.0,85.9368330690458,1028.01,42,13,0,(),0,dark
yj_m,,False,1789605746031,,,,0.0,0.017103495505196586,0.0,2.719222075094158e-06,0.0,435.67499999999995,1.0,0.0024488678200343937,2.548688111110881e-09,2.375,-56.040625,318.1250163966565,0.0,85.9368330690458,1028.01,38,13,0,(),0,dark
yj_m,,False,1789605746081,,,,0.0,0.017103495505196586,0.0,2.719222075094158e-06,0.0,435.67499999999995,1.0,0.0024488678200343937,2.548688111110881e-09,2.375,-56.040625,318.1250163966565,0.0,85.9368330690458,1028.01,38,13,0,(),0,dark
yj_m,,False,1789605746131,,,,0.0,0.017103495505196586,0.0,2.719222075094158e-06,0.0,435.67499999999995,1.0,0.0024488678200343937,2.548688111110881e-09,2.1875,-56.228125,318.1250163966565,0.0,85.9368330690458,1028.01,35,14,0,(),0,dark
yj_m,,False,1789605746181,,,,0.0,0.017103495505196586,0.0,2.719222075094158e-06,0.0,435.67499999999995,1.0,0.0024488678200343937,2.548688111110881e-09,2.3125,-56.103125,318.1250163966565,0.0,85.9368330690458,1028.01,37,14,0,(),0,dark
yj_m,,False,1789605746231,,,,0.0,0.017103495505196586,0.0,2.719222075094158e-06,0.0,435.67499999999995,1.0,0.0024488678200343937,2.548688111110881e-09,2.0625,-56.353125,318.1250163966565,0.0,85.9368330690458,1028.01,33,14,0,(),0,dark
yj_m,,False,1789605746281,,,,0.0,0.017103495505196586,0.0,2.719222075094158e-06,0.0,435.67499999999995,1.0,0.0024488678200343937,2.548688111110881e-09,2.0,-56.415625,318.1250163966565,0.0,85.9368330690458,1028.01,32,14,0,(),0,dark
yj_m,,False,1789605746331,,,,0.0,0.017103495505196586,0.0,2.719222075094158e-06,0.0,435.67499999999995,1.0,0.0024488678200343937,2.548688111110881e-09,1.625,-56.790625,318.1250163966565,0.0,85.9368330690458,1028.01,26,14,0,(),0,dark
yj_m,,False,1789605746381,,,,0.0,0.017103495505196586,0.0,2.719222075094158e-06,0.0,435.67499999999995,1.0,0.0024488678200343937,2.548688111110881e-09,2.0625,-56.353125,318.1250163966565,0.0,85.9368330690458,1028.01,33,14,0,(),0,dark
yj_m,,False,1789605746431,,,,0.0,0.017103495505196586,0.0,2.719222075094158e-06,0.0,435.67499999999995,1.0,0.0024488678200343937,2.548688111110881e-09,2.1875,-56.228125,318.1250163966565,0.0,85.9368330690458,1028.01,35,14,0,(),0,dark
yj_m,,False,1789605746481,,,,0.0,0.017103495505196586,0.0,2.719222075094158e-06,0.0,435.67499999999995,1.0,0.0024488678200343937,2.548688111110881e-09,2.125,-56.290625,318.1250163966565,0.0,85.9368330690458,1028.01,34,14,0,(),0,dark
yj_m,,False,1789605746531,,,,0.0,0.017103495505196586,0.0,2.719222075094158e-06,0.0,435.67499999999995,1.0,0.0024488678200343937,2.548688111110881e-09,1.875,-56.540625,318.1250163966565,0.0,85.9368330690458,1028.01,30,14,0,(),0,dark
yj_m,,False,1789605746581,,,,0.0,0.017103495505196586,0.0,2.719222075094158e-06,0.0,435.67499999999995,1.0,0.0024488678200343937,2.548688111110881e-09,2.375,-56.040625,318.1250163966565,0.0,85.9368330690458,1028.01,38,14,0,(),0,dark
yj_m,,False,1789605746631,,,,0.0,0.017103495505196586,0.0,2.719222075094158e-06,0.0,435.67499999999995,1.0,0.0024488678200343937,2.548688111110881e-09,1.5,-56.915625,318.1250163966565,0.0,85.9368330690458,1028.01,24,14,0,(),0,dark
yj_m,,False,1789605746681,,,,0.0,0.017103495505196586,0.0,2.719222075094158e-06,0.0,435.67499999999995,1.0,0.0024488678200343937,2.548688111110881e-09,2.8125,-55.603125,318.1250163966565,0.0,85.9368330690458,1028.01,45,14,0,(),0,dark
yj_m,,False,1789605746731,,,,0.0,0.017103495505196586,0.0,2.719222075094158e-06,0.0,435.67499999999995,1.0,0.0024488678200343937,2.548688111110881e-09,2.125,-56.290625,318.1250163966565,0.0,85.9368330690458,1028.01,34,14,0,(),0,dark
yj_m,,False,1789605746781,,,,0.0,0.017103495505196586,0.0,2.719222075094158e-06,0.0,435.67499999999995,1.0,0.0024488678200343937,2.548688111110881e-09,2.25,-56.165625,318.1250163966565,0.0,85.9368330690458,1028.01,36,14,0,(),0,dark
yj_m,,False,1789605746831,,,,0.0,0.017103495505196586,0.0,2.719222075094158e-06,0.0,435.67499999999995,1.0,0.0024488678200343937,2.548688111110881e-09,1.8125,-56.603125,318.1250163966565,0.0,85.9368330690458,1028.01,29,14,0,(),0,dark
yj_m,,False,1789605746881,,,,0.0,0.017103495505196586,0.0,2.719222075094158e-06,0.0,435.67499999999995,1.0,0.0024488678200343937,2.548688111110881e-09,1.5625,-56.853125,318.1250163966565,0.0,85.9368330690458,1028.01,25,14,0,(),0,dark
yj_m,,False,1789605746931,,,,0.0,0.017103495505196586,0.0,2.719222075094158e-06,0.0,435.67499999999995,1.0,0.0024488678200343937,2.548688111110881e-09,2.3125,-56.103125,318.1250163966565,0.0,85.9368330690458,1028.01,37,14,0,(),0,dark
yj_m,,False,1789605746981,,,,0.0,0.017103495505196586,0.0,2.719222075094158e-06,0.0,435.67499999999995,1.0,0.0024488678200343937,2.548688111110881e-09,2.0625,-56.353125,318.1250163966565,0.0,85.9368330690458,1028.01,33,14,0,(),0,dark
yj_m,,False,1789605747031,,,,0.0,0.017103495505196586,0.0,2.719222075094158e-06,0.0,435.67499999999995,1.0,0.0024488678200343937,2.548688111110881e-09,2.375,-56.040625,318.1250163966565,0.0,85.9368330690458,1028.01,38,14,0,(),0,dark
yj_m,,False,1789605747081,,,,0.0,0.017103495505196586,0.0,2.719222075094158e-06,0.0,435.67499999999995,1.0,0.0024488678200343937,2.548688111110881e-09,2.0625,-56.353125,318.1250163966565,0.0,85.9368330690458,1028.01,33,14,0,(),0,dark
yj_m,,False,1789605747131,,,,0.0,0.017103495505196586,0.0,2.719222075094158e-06,0.0,435.67499999999995,1.0,0.0024488678200343937,2.548688111110881e-09,1.6875,-56.728125,318.1250163966565,0.0,85.9368330690458,1028.01,27,15,0,(),0,dark
yj_m,,False,1789605747181,,,,0.0,0.017103495505196586,0.0,2.719222075094158e-06,0.0,435.67499999999995,1.0,0.0024488678200343937,2.548688111110881e-09,2.0,-56.415625,318.1250163966565,0.0,85.9368330690458,1028.01,32,15,0,(),0,dark
yj_m,,False,1789605747231,,,,0.0,0.017103495505196586,0.0,2.719222075094158e-06,0.0,435.67499999999995,1.0,0.0024488678200343937,2.548688111110881e-09,2.5625,-55.853125,318.1250163966565,0.0,85.9368330690458,1028.01,41,15,0,(),0,dark
yj_m,,False,1789605747281,,,,0.0,0.017103495505196586,0.0,2.719222075094158e-06,0.0,435.67499999999995,1.0,0.0024488678200343937,2.548688111110881e-09,2.1875,-56.228125,318.1250163966565,0.0,85.9368330690458,1028.01,35,15,0,(),0,dark
yj_m,,False,1789605747331,,,,0.0,0.017103495505196586,0.0,2.719222075094158e-06,0.0,435.67499999999995,1.0,0.0024488678200343937,2.548688111110881e-09,2.4375,-55.978125,318.1250163966565,0.0,85.9368330690458,1028.01,39,15,0,(),0,dark
yj_m,,False,1789605747381,,,,0.0,0.017103495505196586,0.0,2.719222075094158e-06,0.0,435.67499999999995,1.0,0.0024488678200343937,2.548688111110881e-09,1.9375,-56.478125,318.1250163966565,0.0,85.9368330690458,1028.01,31,15,0,(),0,dark
yj_m,,False,1789605747431,,,,0.0,0.017103495505196586,0.0,2.719222075094158e-06,0.0,435.67499999999995,1.0,0.0024488678200343937,2.548688111110881e-09,2.375,-56.040625,318.1250163966565,0.0,85.9368330690458,1028.01,38,15,0,(),0,dark
yj_m,,False,1789605747481,,,,0.0,0.017103495505196586,0.0,2.719222075094158e-06,0.0,435.67499999999995,1.0,0.0024488678200343937,2.548688111110881e-09,1.9375,-56.478125,318.1250163966565,0.0,85.9368330690458,1028.01,31,15,0,(),0,dark
yj_m,,False,1789605747531,,,,0.0,0.017103495505196586,0.0,2.719222075094158e-06,0.0,435.67499999999995,1.0,0.0024488678200343937,2.548688111110881e-09,2.0625,-56.353125,318.1250163966565,0.0,85.9368330690458,1028.01,33,15,0,(),0,dark
yj_m,,False,1789605747581,,,,0.0,0.017103495505196586,0.0,2.719222075094158e-06,0.0,435.67499999999995,1.0,0.0024488678200343937,2.548688111110881e-09,1.5625,-56.853125,318.1250163966565,0.0,85.9368330690458,1028.01,25,15,0,(),0,dark
yj_m,,False,1789605747631,,,,0.0,0.017103495505196586,0.0,2.719222075094158e-06,0.0,435.67499999999995,1.0,0.0024488678200343937,2.548688111110881e-09,1.8125,-56.603125,318.1250163966565,0.0,85.9368330690458,1028.01,29,15,0,(),0,dark
yj_m,,False,1789605747681,,,,0.0,0.017103495505196586,0.0,2.719222075094158e-06,0.0,435.67499999999995,1.0,0.0024488678200343937,2.548688111110881e-09,1.625,-56.790625,318.1250163966565,0.0,85.9368330690458,1028.01,26,15,0,(),0,dark
yj_m,,False,1789605747731,,,,0.0,0.017103495505196586,0.0,2.719222075094158e-06,0.0,435.67499999999995,1.0,0.0024488678200343937,2.548688111110881e-09,1.3125,-57.103125,318.1250163966565,0.0,85.9368330690458,1028.01,21,15,0,(),0,dark
yj_m,,False,1789605747781,,,,0.0,0.017103495505196586,0.0,2.719222075094158e-06,0.0,435.67499999999995,1.0,0.0024488678200343937,2.548688111110881e-09,2.125,-56.290625,318.1250163966565,0.0,85.9368330690458,1028.01,34,15,0,(),0,dark
yj_m,,False,1789605747831,,,,0.0,0.017103495505196586,0.0,2.719222075094158e-06,0.0,435.67499999999995,1.0,0.0024488678200343937,2.548688111110881e-09,1.75,-56.665625,318.1250163966565,0.0,85.9368330690458,1028.01,28,15,0,(),0,dark
yj_m,,False,1789605747881,,,,0.0,0.017103495505196586,0.0,2.719222075094158e-06,0.0,435.67499999999995,1.0,0.0024488678200343937,2.548688111110881e-09,1.4375,-56.978125,318.1250163966565,0.0,85.9368330690458,1028.01,23,15,0,(),0,dark
yj_m,,False,1789605747931,,,,0.0,0.017103495505196586,0.0,2.719222075094158e-06,0.0,435.67499999999995,1.0,0.0024488678200343937,2.548688111110881e-09,1.625,-56.790625,318.1250163966565,0.0,85.9368330690458,1028.01,26,15,0,(),0,dark
yj_m,,False,1789605747981,,,,0.0,0.017103495505196586,0.0,2.719222075094158e-06,0.0,435.67499999999995,1.0,0.0024488678200343937,2.548688111110881e-09,1.5,-56.915625,318.1250163966565,0.0,85.9368330690458,1028.01,24,15,0,(),0,dark
yj_m,,False,1789605748031,,,,0.0,0.017103495505196586,0.0,2.719222075094158e-06,0.0,435.67499999999995,1.0,0.0024488678200343937,2.548688111110881e-09,2.5,-55.915625,318.1250163966565,0.0,85.9368330690458,1028.01,40,15,0,(),0,dark
yj_m,,False,1789605748081,,,,0.0,0.017103495505196586,0.0,2.719222075094158e-06,0.0,435.67499999999995,1.0,0.0024488678200343937,2.548688111110881e-09,2.8125,-55.603125,318.1250163966565,0.0,85.9368330690458,1028.01,45,15,0,(),0,dark
yj_m,,False,1789605748131,,,,0.0,0.017103495505196586,0.0,2.719222075094158e-06,0.0,435.67499999999995,1.0,0.0024488678200343937,2.548688111110881e-09,1.875,-56.540625,318.1250163966565,0.0,85.9368330690458,1028.01,30,16,0,(),0,dark
yj_m,,False,1789605748181,,,,0.0,0.017103495505196586,0.0,2.719222075094158e-06,0.0,435.67499999999995,1.0,0.0024488678200343937,2.548688111110881e-09,1.3125,-57.103125,318.1250163966565,0.0,85.9368330690458,1028.01,21,16,0,(),0,dark
yj_m,,False,1789605748231,,,,0.0,0.017103495505196586,0.0,2.719222075094158e-06,0.0,435.67499999999995,1.0,0.0024488678200343937,2.548688111110881e-09,2.3125,-56.103125,318.1250163966565,0.0,85.9368330690458,1028.01,37,16,0,(),0,dark
yj_m,,False,1789605748281,,,,0.0,0.017103495505196586,0.0,2.719222075094158e-06,0.0,435.67499999999995,1.0,0.0024488678200343937,2.548688111110881e-09,2.1875,-56.228125,318.1250163966565,0.0,85.9368330690458,1028.01,35,16,0,(),0,dark
yj_m,,False,1789605748331,,,,0.0,0.017103495505196586,0.0,2.719222075094158e-06,0.0,435.67499999999995,1.0,0.0024488678200343937,2.548688111110881e-09,1.8125,-56.603125,318.1250163966565,0.0,85.9368330690458,1028.01,29,16,0,(),0,dark
yj_m,,False,1789605748381,,,,0.0,0.017103495505196586,0.0,2.719222075094158e-06,0.0,435.67499999999995,1.0,0.0024488678200343937,2.548688111110881e-09,2.5,-55.915625,318.1250163966565,0.0,85.9368330690458,1028.01,40,16,0,(),0,dark
yj_m,,False,1789605748431,,,,0.0,0.017103495505196586,0.0,2.719222075094158e-06,0.0,435.67499999999995,1.0,0.0024488678200343937,2.548688111110881e-09,2.125,-56.290625,318.1250163966565,0.0,85.9368330690458,1028.01,34,16,0,(),0,dark
yj_m,,False,1789605748481,,,,0.0,0.017103495505196586,0.0,2.719222075094158e-06,0.0,435.67499999999995,1.0,0.0024488678200343937,2.548688111110881e-09,2.3125,-56.103125,318.1250163966565,0.0,85.9368330690458,1028.01,37,16,0,(),0,dark
yj_m,,False,1789605748531,,,,0.0,0.017103495505196586,0.0,2.719222075094158e-06,0.0,435.67499999999995,1.0,0.0024488678200343937,2.548688111110881e-09,1.75,-56.665625,318.1250163966565,0.0,85.9368330690458,1028.01,28,16,0,(),0,dark
yj_m,,False,1789605748581,,,,0.0,0.017103495505196586,0.0,2.719222075094158e-06,0.0,435.67499999999995,1.0,0.0024488678200343937,2.548688111110881e-09,2.0,-56.415625,318.1250163966565,0.0,85.9368330690458,1028.01,32,16,0,(),0,dark
yj_m,,False,1789605748631,,,,0.0,0.017103495505196586,0.0,2.719222075094158e-06,0.0,435.67499999999995,1.0,0.0024488678200343937,2.548688111110881e-09,2.625,-55.790625,318.1250163966565,0.0,85.9368330690458,1028.01,42,16,0,(),0,dark
yj_m,,False,1789605748681,,,,0.0,0.017103495505196586,0.0,2.719222075094158e-06,0.0,435.67499999999995,1.0,0.0024488678200343937,2.548688111110881e-09,1.875,-56.540625,318.1250163966565,0.0,85.9368330690458,1028.01,30,16,0,(),0,dark
yj_m,,False,1789605748732,,,,0.0,0.017103495505196586,0.0,2.719222075094158e-06,0.0,435.67499999999995,1.0,0.0024488678200343937,2.548688111110881e-09,1.9375,-56.478125,318.1250163966565,0.0,85.9368330690458,1028.01,31,16,0,(),0,dark
yj_m,,False,1789605748781,,,,0.0,0.017103495505196586,0.0,2.719222075094158e-06,0.0,435.67499999999995,1.0,0.0024488678200343937,2.548688111110881e-09,1.75,-56.665625,318.1250163966565,0.0,85.9368330690458,1028.01,28,16,0,(),0,dark
yj_m,,False,1789605748831,,,,0.0,0.017103495505196586,0.0,2.719222075094158e-06,0.0,435.67499999999995,1.0,0.0024488678200343937,2.548688111110881e-09,1.6875,-56.728125,318.1250163966565,0.0,85.9368330690458,1028.01,27,16,0,(),0,dark
yj_m,,False,1789605748881,,,,0.0,0.017103495505196586,0.0,2.719222075094158e-06,0.0,435.67499999999995,1.0,0.0024488678200343937,2.548688111110881e-09,2.125,-56.290625,318.1250163966565,0.0,85.9368330690458,1028.01,34,16,0,(),0,dark
yj_m,,False,1789605748931,,,,0.0,0.017103495505196586,0.0,2.719222075094158e-06,0.0,435.67499999999995,1.0,0.0024488678200343937,2.548688111110881e-09,1.8125,-56.603125,318.1250163966565,0.0,85.9368330690458,1028.01,29,16,0,(),0,dark
yj_m,,False,1789605748981,,,,0.0,0.017103495505196586,0.0,2.719222075094158e-06,0.0,435.67499999999995,1.0,0.0024488678200343937,2.548688111110881e-09,2.125,-56.290625,318.1250163966565,0.0,85.9368330690458,1028.01,34,16,0,(),0,dark
yj_m,,False,1789605749031,,,,0.0,0.017103495505196586,0.0,2.719222075094158e-06,0.0,435.67499999999995,1.0,0.0024488678200343937,2.548688111110881e-09,1.75,-56.665625,318.1250163966565,0.0,85.9368330690458,1028.01,28,16,0,(),0,dark
yj_m,,False,1789605749081,,,,0.0,0.017103495505196586,0.0,2.719222075094158e-06,0.0,435.67499999999995,1.0,0.0024488678200343937,2.548688111110881e-09,2.375,-56.040625,318.1250163966565,0.0,85.9368330690458,1028.01,38,16,0,(),0,dark
yj_m,,False,1789605749131,,,,0.0,0.017103495505196586,0.0,2.719222075094158e-06,0.0,435.67499999999995,1.0,0.0024488678200343937,2.548688111110881e-09,1.8125,-56.603125,318.1250163966565,0.0,85.9368330690458,1028.01,29,17,0,(),0,dark
yj_m,,False,1789605749181,,,,0.0,0.017103495505196586,0.0,2.719222075094158e-06,0.0,435.67499999999995,1.0,0.0024488678200343937,2.548688111110881e-09,2.8125,-55.603125,318.1250163966565,0.0,85.9368330690458,1028.01,45,17,0,(),0,dark
yj_m,,False,1789605749231,,,,0.0,0.017103495505196586,0.0,2.719222075094158e-06,0.0,435.67499999999995,1.0,0.0024488678200343937,2.548688111110881e-09,2.5,-55.915625,318.1250163966565,0.0,85.9368330690458,1028.01,40,17,0,(),0,dark
yj_m,,False,1789605749281,,,,0.0,0.017103495505196586,0.0,2.719222075094158e-06,0.0,435.67499999999995,1.0,0.0024488678200343937,2.548688111110881e-09,1.6875,-56.728125,318.1250163966565,0.0,85.9368330690458,1028.01,27,17,0,(),0,dark
yj_m,,False,1789605749331,,,,0.0,0.017103495505196586,0.0,2.719222075094158e-06,0.0,435.67499999999995,1.0,0.0024488678200343937,2.548688111110881e-09,1.8125,-56.603125,318.1250163966565,0.0,85.9368330690458,1028.01,29,17,0,(),0,dark
yj_m,,False,1789605749381,,,,0.0,0.017103495505196586,0.0,2.719222075094158e-06,0.0,435.67499999999995,1.0,0.0024488678200343937,2.548688111110881e-09,1.75,-56.665625,318.1250163966565,0.0,85.9368330690458,1028.01,28,17,0,(),0,dark
yj_m,,False,1789605749431,,,,0.0,0.017103495505196586,0.0,2.719222075094158e-06,0.0,435.67499999999995,1.0,0.0024488678200343937,2.548688111110881e-09,2.1875,-56.228125,318.1250163966565,0.0,85.9368330690458,1028.01,35,17,0,(),0,dark
yj_m,,False,1789605749482,,,,0.0,0.017103495505196586,0.0,2.719222075094158e-06,0.0,435.67499999999995,1.0,0.0024488678200343937,2.548688111110881e-09,2.1875,-56.228125,318.1250163966565,0.0,85.9368330690458,1028.01,35,17,0,(),0,dark
yj_m,,False,1789605749531,,,,0.0,0.017103495505196586,0.0,2.719222075094158e-06,0.0,435.67499999999995,1.0,0.0024488678200343937,2.548688111110881e-09,2.6875,-55.728125,318.1250163966565,0.0,85.9368330690458,1028.01,43,17,0,(),0,dark
yj_m,,False,1789605749581,,,,0.0,0.017103495505196586,0.0,2.719222075094158e-06,0.0,435.67499999999995,1.0,0.0024488678200343937,2.548688111110881e-09,1.75,-56.665625,318.1250163966565,0.0,85.9368330690458,1028.01,28,17,0,(),0,dark
yj_m,,False,1789605749631,,,,0.0,0.017103495505196586,0.0,2.719222075094158e-06,0.0,435.67499999999995,1.0,0.0024488678200343937,2.548688111110881e-09,2.375,-56.040625,318.1250163966565,0.0,85.9368330690458,1028.01,38,17,0,(),0,dark
yj_m,,False,1789605749681,,,,0.0,0.017103495505196586,0.0,2.719222075094158e-06,0.0,435.67499999999995,1.0,0.0024488678200343937,2.548688111110881e-09,1.75,-56.665625,318.1250163966565,0.0,85.9368330690458,1028.01,28,17,0,(),0,dark
yj_m,,False,1789605749731,,,,0.0,0.017103495505196586,0.0,2.719222075094158e-06,0.0,435.67499999999995,1.0,0.0024488678200343937,2.548688111110881e-09,2.0,-56.415625,318.1250163966565,0.0,85.9368330690458,1028.01,32,17,0,(),0,dark
yj_m,,False,1789605749781,,,,0.0,0.017103495505196586,0.0,2.719222075094158e-06,0.0,435.67499999999995,1.0,0.0024488678200343937,2.548688111110881e-09,2.0625,-56.353125,318.1250163966565,0.0,85.9368330690458,1028.01,33,17,0,(),0,dark
yj_m,,False,1789605749831,,,,0.0,0.017103495505196586,0.0,2.719222075094158e-06,0.0,435.67499999999995,1.0,0.0024488678200343937,2.548688111110881e-09,1.1875,-57.228125,318.1250163966565,0.0,85.9368330690458,1028.01,19,17,0,(),0,dark
yj_m,,False,1789605749881,,,,0.0,0.017103495505196586,0.0,2.719222075094158e-06,0.0,435.67499999999995,1.0,0.0024488678200343937,2.548688111110881e-09,2.25,-56.165625,318.1250163966565,0.0,85.9368330690458,1028.01,36,17,0,(),0,dark
yj_m,,False,1789605749931,,,,0.0,0.017103495505196586,0.0,2.719222075094158e-06,0.0,435.67499999999995,1.0,0.0024488678200343937,2.548688111110881e-09,1.5625,-56.853125,318.1250163966565,0.0,85.9368330690458,1028.01,25,17,0,(),0,dark
yj_m,,False,1789605749981,,,,0.0,0.017103495505196586,0.0,2.719222075094158e-06,0.0,435.67499999999995,1.0,0.0024488678200343937,2.548688111110881e-09,1.75,-56.665625,318.1250163966565,0.0,85.9368330690458,1028.01,28,17,0,(),0,dark
yj_m,,False,1789605750031,,,,0.0,0.017103495505196586,0.0,2.719222075094158e-06,0.0,435.67499999999995,1.0,0.0024488678200343937,2.548688111110881e-09,2.25,-56.165625,318.1250163966565,0.0,85.9368330690458,1028.01,36,17,0,(),0,dark
yj_m,,False,1789605750081,,,,0.0,0.017103495505196586,0.0,2.719222075094158e-06,0.0,435.67499999999995,1.0,0.0024488678200343937,2.548688111110881e-09,2.125,-56.290625,318.1250163966565,0.0,85.9368330690458,1028.01,34,17,0,(),0,dark
yj_m,,False,1789605750131,,,,0.0,0.017103495505196586,0.0,2.719222075094158e-06,0.0,435.67499999999995,1.0,0.0024488678200343937,2.548688111110881e-09,2.0625,-56.353125,318.1250163966565,0.0,85.9368330690458,1028.01,33,18,0,(),0,dark
yj_m,,False,1789605750181,,,,0.0,0.017103495505196586,0.0,2.719222075094158e-06,0.0,435.67499999999995,1.0,0.0024488678200343937,2.548688111110881e-09,2.4375,-55.978125,318.1250163966565,0.0,85.9368330690458,1028.01,39,18,0,(),0,dark
yj_m,,False,1789605750231,,,,0.0,0.017103495505196586,0.0,2.719222075094158e-06,0.0,435.67499999999995,1.0,0.0024488678200343937,2.548688111110881e-09,1.875,-56.540625,318.1250163966565,0.0,85.9368330690458,1028.01,30,18,0,(),0,dark
yj_m,,False,1789605750281,,,,0.0,0.017103495505196586,0.0,2.719222075094158e-06,0.0,435.67499999999995,1.0,0.0024488678200343937,2.548688111110881e-09,2.0625,-56.353125,318.1250163966565,0.0,85.9368330690458,1028.01,33,18,0,(),0,dark
yj_m,,False,1789605750331,,,,0.0,0.017103495505196586,0.0,2.719222075094158e-06,0.0,435.67499999999995,1.0,0.0024488678200343937,2.548688111110881e-09,2.25,-56.165625,318.1250163966565,0.0,85.9368330690458,1028.01,36,18,0,(),0,dark
yj_m,,False,1789605750381,,,,0.0,0.017103495505196586,0.0,2.719222075094158e-06,0.0,435.67499999999995,1.0,0.0024488678200343937,2.548688111110881e-09,2.6875,-55.728125,318.1250163966565,0.0,85.9368330690458,1028.01,43,18,0,(),0,dark
yj_m,,False,1789605750431,,,,0.0,0.017103495505196586,0.0,2.719222075094158e-06,0.0,435.67499999999995,1.0,0.0024488678200343937,2.548688111110881e-09,2.5,-55.915625,318.1250163966565,0.0,85.9368330690458,1028.01,40,18,0,(),0,dark
yj_m,,False,1789605750481,,,,0.0,0.017103495505196586,0.0,2.719222075094158e-06,0.0,435.67499999999995,1.0,0.0024488678200343937,2.548688111110881e-09,2.875,-55.540625,318.1250163966565,0.0,85.9368330690458,1028.01,46,18,0,(),0,dark
yj_m,,False,1789605750531,,,,0.0,0.017103495505196586,0.0,2.719222075094158e-06,0.0,435.67499999999995,1.0,0.0024488678200343937,2.548688111110881e-09,2.0625,-56.353125,318.1250163966565,0.0,85.9368330690458,1028.01,33,18,0,(),0,dark
yj_m,,False,1789605750581,,,,0.0,0.017103495505196586,0.0,2.719222075094158e-06,0.0,435.67499999999995,1.0,0.0024488678200343937,2.548688111110881e-09,2.125,-56.290625,318.1250163966565,0.0,85.9368330690458,1028.01,34,18,0,(),0,dark
yj_m,,False,1789605750631,,,,0.0,0.017103495505196586,0.0,2.719222075094158e-06,0.0,435.67499999999995,1.0,0.0024488678200343937,2.548688111110881e-09,1.8125,-56.603125,318.1250163966565,0.0,85.9368330690458,1028.01,29,18,0,(),0,dark
yj_m,,False,1789605750681,,,,0.0,0.017103495505196586,0.0,2.719222075094158e-06,0.0,435.67499999999995,1.0,0.0024488678200343937,2.548688111110881e-09,2.3125,-56.103125,318.1250163966565,0.0,85.9368330690458,1028.01,37,18,0,(),0,dark
yj_m,,False,1789605750731,,,,0.0,0.017103495505196586,0.0,2.719222075094158e-06,0.0,435.67499999999995,1.0,0.0024488678200343937,2.548688111110881e-09,1.9375,-56.478125,318.1250163966565,0.0,85.9368330690458,1028.01,31,18,0,(),0,dark
yj_m,,False,1789605750781,,,,0.0,0.017103495505196586,0.0,2.719222075094158e-06,0.0,435.67499999999995,1.0,0.0024488678200343937,2.548688111110881e-09,2.5625,-55.853125,318.1250163966565,0.0,85.9368330690458,1028.01,41,18,0,(),0,dark
yj_m,,False,1789605750831,,,,0.0,0.017103495505196586,0.0,2.719222075094158e-06,0.0,435.67499999999995,1.0,0.0024488678200343937,2.548688111110881e-09,2.3125,-56.103125,318.1250163966565,0.0,85.9368330690458,1028.01,37,18,0,(),0,dark
yj_m,,False,1789605750881,,,,0.0,0.017103495505196586,0.0,2.719222075094158e-06,0.0,435.67499999999995,1.0,0.0024488678200343937,2.548688111110881e-09,1.9375,-56.478125,318.1250163966565,0.0,85.9368330690458,1028.01,31,18,0,(),0,dark
yj_m,,False,1789605750931,,,,0.0,0.017103495505196586,0.0,2.719222075094158e-06,0.0,435.67499999999995,1.0,0.0024488678200343937,2.548688111110881e-09,2.5,-55.915625,318.1250163966565,0.0,85.9368330690458,1028.01,40,18,0,(),0,dark
yj_m,,False,1789605750981,,,,0.0,0.017103495505196586,0.0,2.719222075094158e-06,0.0,435.67499999999995,1.0,0.0024488678200343937,2.548688111110881e-09,1.6875,-56.728125,318.1250163966565,0.0,85.9368330690458,1028.01,27,18,0,(),0,dark
yj_m,,False,1789605751031,,,,0.0,0.017103495505196586,0.0,2.719222075094158e-06,0.0,435.67499999999995,1.0,0.0024488678200343937,2.548688111110881e-09,2.125,-56.290625,318.1250163966565,0.0,85.9368330690458,1028.01,34,18,0,(),0,dark
yj_m,,False,1789605751081,,,,0.0,0.017103495505196586,0.0,2.719222075094158e-06,0.0,435.67499999999995,1.0,0.0024488678200343937,2.548688111110881e-09,1.8125,-56.603125,318.1250163966565,0.0,85.9368330690458,1028.01,29,18,0,(),0,dark
yj_m,,False,1789605751131,,,,0.0,0.017103495505196586,0.0,2.719222075094158e-06,0.0,435.67499999999995,1.0,0.0024488678200343937,2.548688111110881e-09,1.625,-56.790625,318.1250163966565,0.0,85.9368330690458,1028.01,26,19,0,(),0,dark
yj_m,,False,1789605751181,,,,0.0,0.017103495505196586,0.0,2.719222075094158e-06,0.0,435.67499999999995,1.0,0.0024488678200343937,2.548688111110881e-09,2.0625,-56.353125,318.1250163966565,0.0,85.9368330690458,1028.01,33,19,0,(),0,dark
yj_m,,False,1789605751231,,,,0.0,0.017103495505196586,0.0,2.719222075094158e-06,0.0,435.67499999999995,1.0,0.0024488678200343937,2.548688111110881e-09,2.0625,-56.353125,318.1250163966565,0.0,85.9368330690458,1028.01,33,19,0,(),0,dark
yj_m,,False,1789605751281,,,,0.0,0.017103495505196586,0.0,2.719222075094158e-06,0.0,435.67499999999995,1.0,0.0024488678200343937,2.548688111110881e-09,1.6875,-56.728125,318.1250163966565,0.0,85.9368330690458,1028.01,27,19,0,(),0,dark
yj_m,,False,1789605751331,,,,0.0,0.017103495505196586,0.0,2.719222075094158e-06,0.0,435.67499999999995,1.0,0.0024488678200343937,2.548688111110881e-09,2.125,-56.290625,318.1250163966565,0.0,85.9368330690458,1028.01,34,19,0,(),0,dark
yj_m,,False,1789605751381,,,,0.0,0.017103495505196586,0.0,2.719222075094158e-06,0.0,435.67499999999995,1.0,0.0024488678200343937,2.548688111110881e-09,2.0,-56.415625,318.1250163966565,0.0,85.9368330690458,1028.01,32,19,0,(),0,dark
yj_m,,False,1789605752281,1.0033397321610196,,,0.10696354166666666,,0.10660750116641526,0.0793757919834134,4356.749999999999,454.8580538269604,1.0,0.0024488678200343937,9.992169204079206e-06,2047.9375,1989.521875,,38.05,50.003402203729394,1024.83075,32767,20,0,"('overrange',)",1,50 ref
yj_m,,False,1789605752331,1.0033397321610196,,,0.10696354166666666,,0.10660750116641526,0.0793757919834134,4356.749999999999,454.8580538269604,1.0,0.0024488678200343937,9.992169204079206e-06,2047.9375,1989.521875,,38.05,50.003402203729394,1024.83075,32767,20,0,"('overrange',)",1,50 ref
yj_m,,False,1789605752381,1.0033397321610196,,,0.10696354166666666,,0.10660750116641526,0.0793757919834134,4356.749999999999,454.8580538269604,1.0,0.0024488678200343937,9.992169204079206e-06,2047.9375,1989.521875,,38.05,50.003402203729394,1024.83075,32767,20,0,"('overrange',)",1,50 ref
yj_m,,False,1789605752431,1.0033397321610196,,,0.10696354166666666,,0.10660750116641526,0.0793757919834134,4356.749999999999,454.8580538269604,1.0,0.0024488678200343937,9.992169204079206e-06,2047.9375,1989.521875,,38.05,50.003402203729394,1024.83075,32767,20,0,"('overrange',)",1,50 ref
yj_m,,False,1789605752481,1.0033397321610196,,,0.10696354166666666,,0.10660750116641526,0.0793757919834134,4356.749999999999,454.8580538269604,1.0,0.0024488678200343937,9.992169204079206e-06,2047.9375,1989.521875,,38.05,50.003402203729394,1024.83075,32767,20,0,"('overrange',)",1,50 ref
yj_m,,False,1789605752531,1.0033397321610196,,,0.10696354166666666,,0.10660750116641526,0.0793757919834134,4356.749999999999,454.8580538269604,1.0,0.0024488678200343937,9.992169204079206e-06,2047.9375,1989.521875,,38.05,50.003402203729394,1024.83075,32767,20,0,"('overrange',)",1,50 ref
yj_m,,False,1789605752581,0.9614503176489902,0.7336160237779292,0.16043425948515458,0.10249781586021506,0.017103495505196586,0.10660750116641526,0.0793757919834134,4356.749999999999,454.8580538269604,1.0,0.0024488678200343937,9.992169204079206e-06,1964.875,1906.459375,318.1250163966565,38.05,50.003402203729394,1024.83075,31438,20,0,(),1,50 ref
yj_m,,False,1789605752631,0.9535704428348387,0.7278921219065586,0.16043425948515458,0.10165776209677418,0.017103495505196586,0.10660750116641526,0.0793757919834134,4356.749999999999,454.8580538269604,1.0,0.0024488678200343937,9.992169204079206e-06,1949.25,1890.834375,318.1250163966565,38.05,50.003402203729394,1024.83075,31188,20,0,(),1,50 ref
yj_m,,False,1789605752681,0.0,0.16043425948515458,0.16043425948515458,0.0,0.017103495505196586,0.10660750116641526,0.0793757919834134,4356.749999999999,454.8580538269604,1.0,0.0024488678200343937,9.992169204079206e-06,24.3125,-34.103125,318.1250163966565,38.05,50.003402203729394,1024.83075,389,20,0,(),1,50 ref
yj_m,,False,1789605752731,,,,0.0,0.017103495505196586,0.0,0.010660750116641528,0.0,435.67499999999995,1.0,0.0024488678200343937,9.992169204079206e-06,3.4375,-54.978125,318.1250163966565,0.0,50.003402203729394,1028.01,55,20,0,(),1,50 ref
yj_m,,False,1789605752781,,,,0.0,0.017103495505196586,0.0,0.010660750116641528,0.0,435.67499999999995,1.0,0.0024488678200343937,9.992169204079206e-06,2.6875,-55.728125,318.1250163966565,0.0,50.003402203729394,1028.01,43,20,0,(),1,50 ref
yj_m,,False,1789605752831,,,,0.0,0.017103495505196586,0.0,0.010660750116641528,0.0,435.67499999999995,1.0,0.0024488678200343937,9.992169204079206e-06,3.0625,-55.353125,318.1250163966565,0.0,50.003402203729394,1028.01,49,20,0,(),1,50 ref
yj_m,,False,1789605752881,,,,0.0,0.017103495505196586,0.0,0.010660750116641528,0.0,435.67499999999995,1.0,0.0024488678200343937,9.992169204079206e-06,2.375,-56.040625,318.1250163966565,0.0,50.003402203729394,1028.01,38,20,0,(),1,50 ref
yj_m,,False,1789605752931,,,,0.0,0.017103495505196586,0.0,0.010660750116641528,0.0,435.67499999999995,1.0,0.0024488678200343937,9.992169204079206e-06,2.5625,-55.853125,318.1250163966565,0.0,50.003402203729394,1028.01,41,20,0,(),1,50 ref
yj_m,,False,1789605752981,,,,0.0,0.017103495505196586,0.0,0.010660750116641528,0.0,435.67499999999995,1.0,0.0024488678200343937,9.992169204079206e-06,2.9375,-55.478125,318.1250163966565,0.0,50.003402203729394,1028.01,47,20,0,(),1,50 ref
yj_m,,False,1789605753031,,,,0.0,0.017103495505196586,0.0,0.010660750116641528,0.0,435.67499999999995,1.0,0.0024488678200343937,9.992169204079206e-06,2.5,-55.915625,318.1250163966565,0.0,50.003402203729394,1028.01,40,20,0,(),1,50 ref
yj_m,,False,1789605753081,,,,0.0,0.017103495505196586,0.0,0.010660750116641528,0.0,435.67499999999995,1.0,0.0024488678200343937,9.992169204079206e-06,1.9375,-56.478125,318.1250163966565,0.0,50.003402203729394,1028.01,31,20,0,(),1,50 ref
yj_m,,False,1789605753131,,,,0.0,0.017103495505196586,0.0,0.010660750116641528,0.0,435.67499999999995,1.0,0.0024488678200343937,9.992169204079206e-06,2.5,-55.915625,318.1250163966565,0.0,50.003402203729394,1028.01,40,21,0,(),1,50 ref
yj_m,,False,1789605753181,,,,0.0,0.017103495505196586,0.0,0.010660750116641528,0.0,435.67499999999995,1.0,0.0024488678200343937,9.992169204079206e-06,2.4375,-55.978125,318.1250163966565,0.0,50.003402203729394,1028.01,39,21,0,(),1,50 ref
